{"version": "1", "message": "ERROR: Hidden Testcases server unreachable.", "problem_id": "ads2_m4_a1_1", "user_id": "Anisha-Vulli", "score": {"sample": {"0": {"execution_time": 0.36860156059265137, "passed": true}, "1": {"execution_time": 0.40962862968444824, "passed": true}, "2": {"execution_time": 0.38187384605407715, "passed": true}, "3": {"execution_time": 0.46160364151000977, "passed": true}, "4": {"execution_time": 0.3504292964935303, "passed": true}, "5": {"execution_time": 0.34793710708618164, "passed": true}, "6": {"execution_time": 0.3439209461212158, "passed": true}, "7": {"execution_time": 0.35374927520751953, "passed": true}, "8": {"execution_time": 0.3603091239929199, "passed": true}, "9": {"execution_time": 0.3077092170715332, "passed": true}, "10": {"execution_time": 0.3010225296020508, "passed": true}, "11": {"execution_time": 0.2880699634552002, "passed": true}, "12": {"execution_time": 0.31022143363952637, "passed": true}, "13": {"execution_time": 2.0517189502716064, "passed": true}, "14": {"execution_time": 0.30190086364746094, "passed": true}}}, "check_style_score": "0/1"}