{"version": "1", "message": "ERROR: Hidden Testcases server unreachable.", "problem_id": "ads2_m4_a1_1", "user_id": "Anisha-Vulli", "score": {"sample": {"0": {"execution_time": 0.3544931411743164, "passed": true}, "1": {"execution_time": 0.33455872535705566, "passed": true}, "2": {"execution_time": 0.41851806640625, "passed": true}, "3": {"execution_time": 0.4120666980743408, "passed": true}, "4": {"execution_time": 0.33449268341064453, "passed": true}, "5": {"execution_time": 0.31975388526916504, "passed": true}, "6": {"execution_time": 0.3244142532348633, "passed": true}, "7": {"execution_time": 0.3402106761932373, "passed": true}, "8": {"execution_time": 0.3474552631378174, "passed": true}, "9": {"execution_time": 0.31287121772766113, "passed": true}, "10": {"execution_time": 0.3045191764831543, "passed": true}, "11": {"execution_time": 0.3024609088897705, "passed": true}, "12": {"execution_time": 0.27792835235595703, "passed": true}, "13": {"execution_time": 10.030075073242188, "passed": false}, "14": {"execution_time": 0.2717857360839844, "passed": true}}}, "check_style_score": "0/1"}