{"version": "1", "message": "ERROR: Hidden Testcases server unreachable.", "problem_id": "ads2_m4_a1_1", "user_id": "Anisha-Vulli", "score": {"sample": {"0": {"execution_time": 0.3011295795440674, "passed": false}, "1": {"execution_time": 0.29355382919311523, "passed": false}, "2": {"execution_time": 0.2941436767578125, "passed": false}, "3": {"execution_time": 0.2817380428314209, "passed": false}, "4": {"execution_time": 0.31589770317077637, "passed": false}, "5": {"execution_time": 0.3369314670562744, "passed": false}, "6": {"execution_time": 0.312713623046875, "passed": false}, "7": {"execution_time": 0.3643040657043457, "passed": false}, "8": {"execution_time": 0.33551955223083496, "passed": false}, "9": {"execution_time": 0.3047616481781006, "passed": false}, "10": {"execution_time": 0.35240745544433594, "passed": false}, "11": {"execution_time": 0.29778456687927246, "passed": false}, "12": {"execution_time": 0.3246614933013916, "passed": false}, "13": {"execution_time": 0.3713662624359131, "passed": false}, "14": {"execution_time": 0.3108022212982178, "passed": false}}}, "check_style_score": "0/1"}