{"version": "1", "message": "ERROR: Hidden Testcases server unreachable.", "problem_id": "ads2_m4_a1_1", "user_id": "Anisha-Vulli", "score": {"sample": {"0": {"execution_time": 0.29317641258239746, "passed": false}, "1": {"execution_time": 0.339824914932251, "passed": false}, "2": {"execution_time": 0.3002617359161377, "passed": false}, "3": {"execution_time": 0.31656885147094727, "passed": false}, "4": {"execution_time": 0.2966728210449219, "passed": false}, "5": {"execution_time": 0.2980995178222656, "passed": false}, "6": {"execution_time": 0.2805492877960205, "passed": false}, "7": {"execution_time": 0.2933976650238037, "passed": false}, "8": {"execution_time": 0.29247093200683594, "passed": false}, "9": {"execution_time": 0.33732104301452637, "passed": false}, "10": {"execution_time": 0.31077075004577637, "passed": false}, "11": {"execution_time": 0.3244328498840332, "passed": false}, "12": {"execution_time": 0.28549981117248535, "passed": false}, "13": {"execution_time": 0.3739008903503418, "passed": false}, "14": {"execution_time": 0.2824726104736328, "passed": false}}}, "check_style_score": "0/1"}