{"version": "1", "message": "ERROR: Hidden Testcases server unreachable.", "problem_id": "ads2_m4_a1_1", "user_id": "Anisha-Vulli", "score": {"sample": {"0": {"execution_time": 0.3504664897918701, "passed": true}, "1": {"execution_time": 0.356173038482666, "passed": false}, "2": {"execution_time": 0.4920947551727295, "passed": false}, "3": {"execution_time": 0.3893587589263916, "passed": false}, "4": {"execution_time": 0.294278621673584, "passed": false}, "5": {"execution_time": 0.3109712600708008, "passed": false}, "6": {"execution_time": 0.2980365753173828, "passed": false}, "7": {"execution_time": 0.2929525375366211, "passed": false}, "8": {"execution_time": 0.3719208240509033, "passed": true}, "9": {"execution_time": 0.3713860511779785, "passed": false}, "10": {"execution_time": 0.3878769874572754, "passed": false}, "11": {"execution_time": 0.37305402755737305, "passed": false}, "12": {"execution_time": 0.2607448101043701, "passed": false}, "13": {"execution_time": 10.027466535568237, "passed": false}, "14": {"execution_time": 0.35724735260009766, "passed": false}}}, "check_style_score": "0/1"}