{"version": "1", "message": "ERROR: Hidden Testcases server unreachable.", "problem_id": "ads2_m4_a1_1", "user_id": "Anisha-Vulli", "score": {"sample": {"0": {"execution_time": 0.9662272930145264, "passed": true}, "1": {"execution_time": 0.3336372375488281, "passed": false}, "2": {"execution_time": 0.4539499282836914, "passed": false}, "3": {"execution_time": 0.4816737174987793, "passed": false}, "4": {"execution_time": 0.3569810390472412, "passed": false}, "5": {"execution_time": 0.3511199951171875, "passed": false}, "6": {"execution_time": 0.3060729503631592, "passed": false}, "7": {"execution_time": 0.3033163547515869, "passed": false}, "8": {"execution_time": 0.35694432258605957, "passed": true}, "9": {"execution_time": 0.38431262969970703, "passed": false}, "10": {"execution_time": 0.3847341537475586, "passed": false}, "11": {"execution_time": 0.2802562713623047, "passed": false}, "12": {"execution_time": 0.31335020065307617, "passed": false}, "13": {"execution_time": 10.029012441635132, "passed": false}, "14": {"execution_time": 0.3563675880432129, "passed": false}}}, "check_style_score": "0/1"}