{"version": "1", "message": "ERROR: Hidden Testcases server unreachable.", "problem_id": "ads2_m4_a1_1", "user_id": "Anisha-Vulli", "score": {"sample": {"0": {"execution_time": 0.34688448905944824, "passed": false}, "1": {"execution_time": 0.35181355476379395, "passed": false}, "2": {"execution_time": 0.3807981014251709, "passed": false}, "3": {"execution_time": 0.4267573356628418, "passed": false}, "4": {"execution_time": 0.3068239688873291, "passed": false}, "5": {"execution_time": 0.3669164180755615, "passed": false}, "6": {"execution_time": 0.30603575706481934, "passed": false}, "7": {"execution_time": 0.31612491607666016, "passed": false}, "8": {"execution_time": 0.2991371154785156, "passed": false}, "9": {"execution_time": 0.3032500743865967, "passed": false}, "10": {"execution_time": 0.3000328540802002, "passed": false}, "11": {"execution_time": 0.35756468772888184, "passed": false}, "12": {"execution_time": 0.4210171699523926, "passed": false}, "13": {"execution_time": 10.028948307037354, "passed": false}, "14": {"execution_time": 0.3061356544494629, "passed": false}}}, "check_style_score": "0/1"}