{"version": "1", "message": "ERROR: Hidden Testcases server unreachable.", "problem_id": "ads2_m4_a1_1", "user_id": "Anisha-Vulli", "score": {"sample": {"0": {"execution_time": 0.383929967880249, "passed": true}, "1": {"execution_time": 0.3795034885406494, "passed": false}, "2": {"execution_time": 0.3987860679626465, "passed": false}, "3": {"execution_time": 0.47772717475891113, "passed": false}, "4": {"execution_time": 0.3478257656097412, "passed": false}, "5": {"execution_time": 0.3409750461578369, "passed": false}, "6": {"execution_time": 0.32947516441345215, "passed": false}, "7": {"execution_time": 0.3331754207611084, "passed": false}, "8": {"execution_time": 0.3615260124206543, "passed": true}, "9": {"execution_time": 0.29326725006103516, "passed": true}, "10": {"execution_time": 0.33565521240234375, "passed": true}, "11": {"execution_time": 0.3432908058166504, "passed": true}, "12": {"execution_time": 0.2935490608215332, "passed": true}, "13": {"execution_time": 10.040241479873657, "passed": false}, "14": {"execution_time": 0.3139035701751709, "passed": true}}}, "check_style_score": "0/1"}