{"version": "1", "message": "ERROR: Hidden Testcases server unreachable.", "problem_id": "ads2_m2_a1_1", "user_id": "Anisha-Vulli", "score": {"sample": {"0": {"execution_time": 0.2942159175872803, "passed": true}, "1": {"execution_time": 0.27113842964172363, "passed": true}, "2": {"execution_time": 0.22988057136535645, "passed": true}, "3": {"execution_time": 0.2538139820098877, "passed": true}, "4": {"execution_time": 0.26259565353393555, "passed": true}, "5": {"execution_time": 0.2690598964691162, "passed": true}, "6": {"execution_time": 0.28481388092041016, "passed": true}, "7": {"execution_time": 0.2646901607513428, "passed": true}, "8": {"execution_time": 0.2159557342529297, "passed": true}, "9": {"execution_time": 0.2466428279876709, "passed": true}, "10": {"execution_time": 0.24908924102783203, "passed": true}, "11": {"execution_time": 0.2411799430847168, "passed": true}, "12": {"execution_time": 0.2547934055328369, "passed": true}, "13": {"execution_time": 0.25531888008117676, "passed": true}, "14": {"execution_time": 0.2830188274383545, "passed": true}, "15": {"execution_time": 0.3220653533935547, "passed": true}, "16": {"execution_time": 0.300830602645874, "passed": true}, "17": {"execution_time": 0.31615495681762695, "passed": true}, "18": {"execution_time": 0.3402683734893799, "passed": true}, "19": {"execution_time": 0.34462404251098633, "passed": true}, "20": {"execution_time": 0.30936217308044434, "passed": true}, "21": {"execution_time": 0.2763407230377197, "passed": true}, "22": {"execution_time": 0.3578071594238281, "passed": true}, "23": {"execution_time": 0.3556966781616211, "passed": true}}}, "check_style_score": "1/1"}