{"version": "1", "message": "ERROR: Hidden Testcases server unreachable.", "problem_id": "ads2_m2_a1_1", "user_id": "Anisha-Vulli", "score": {"sample": {"0": {"execution_time": 0.315716028213501, "passed": true}, "1": {"execution_time": 0.2595560550689697, "passed": true}, "2": {"execution_time": 0.24988245964050293, "passed": true}, "3": {"execution_time": 0.2869248390197754, "passed": true}, "4": {"execution_time": 0.3442108631134033, "passed": true}, "5": {"execution_time": 0.25252580642700195, "passed": true}, "6": {"execution_time": 0.2605257034301758, "passed": true}, "7": {"execution_time": 0.2583749294281006, "passed": true}, "8": {"execution_time": 0.26047706604003906, "passed": true}, "9": {"execution_time": 0.3080148696899414, "passed": true}, "10": {"execution_time": 0.28052496910095215, "passed": true}, "11": {"execution_time": 0.2503194808959961, "passed": true}, "12": {"execution_time": 0.3060731887817383, "passed": true}, "13": {"execution_time": 0.27356958389282227, "passed": true}, "14": {"execution_time": 0.40523576736450195, "passed": true}, "15": {"execution_time": 0.6741392612457275, "passed": true}, "16": {"execution_time": 0.2977466583251953, "passed": true}, "17": {"execution_time": 0.3416898250579834, "passed": true}, "18": {"execution_time": 0.4181067943572998, "passed": true}, "19": {"execution_time": 0.31899499893188477, "passed": true}, "20": {"execution_time": 0.360811710357666, "passed": true}, "21": {"execution_time": 0.270355224609375, "passed": true}, "22": {"execution_time": 0.3841054439544678, "passed": true}, "23": {"execution_time": 0.3617875576019287, "passed": true}}}, "check_style_score": "0/1"}