{"version": "1", "message": "ERROR: Hidden Testcases server unreachable.", "problem_id": "ads2_m2_a1_1", "user_id": "Anisha-Vulli", "score": {"sample": {"0": {"execution_time": 0.29338693618774414, "passed": true}, "1": {"execution_time": 0.2645604610443115, "passed": true}, "2": {"execution_time": 0.2628614902496338, "passed": true}, "3": {"execution_time": 0.2598135471343994, "passed": true}, "4": {"execution_time": 0.3137362003326416, "passed": true}, "5": {"execution_time": 0.2788393497467041, "passed": true}, "6": {"execution_time": 0.7031137943267822, "passed": true}, "7": {"execution_time": 0.35111570358276367, "passed": true}, "8": {"execution_time": 0.30582571029663086, "passed": true}, "9": {"execution_time": 0.28764915466308594, "passed": true}, "10": {"execution_time": 0.3148198127746582, "passed": true}, "11": {"execution_time": 0.3149993419647217, "passed": true}, "12": {"execution_time": 0.3163425922393799, "passed": true}, "13": {"execution_time": 0.2908334732055664, "passed": true}, "14": {"execution_time": 0.2868330478668213, "passed": true}, "15": {"execution_time": 0.31482815742492676, "passed": true}, "16": {"execution_time": 0.32381463050842285, "passed": true}, "17": {"execution_time": 0.3628418445587158, "passed": true}, "18": {"execution_time": 0.3388054370880127, "passed": true}, "19": {"execution_time": 0.3488013744354248, "passed": true}, "20": {"execution_time": 0.3758080005645752, "passed": true}, "21": {"execution_time": 0.3128206729888916, "passed": true}, "22": {"execution_time": 0.507967472076416, "passed": true}, "23": {"execution_time": 0.430753231048584, "passed": true}}}, "check_style_score": "1/1"}