{"version": "1", "message": "ERROR: Hidden Testcases server unreachable.", "problem_id": "ads2_m2_a1_1", "user_id": "Anisha-Vulli", "score": {"sample": {"0": {"execution_time": 0.36778831481933594, "passed": true}, "1": {"execution_time": 0.26885080337524414, "passed": true}, "2": {"execution_time": 0.31581902503967285, "passed": true}, "3": {"execution_time": 0.2788674831390381, "passed": true}, "4": {"execution_time": 0.3068242073059082, "passed": true}, "5": {"execution_time": 0.277862548828125, "passed": true}, "6": {"execution_time": 0.28383803367614746, "passed": true}, "7": {"execution_time": 0.30582427978515625, "passed": true}, "8": {"execution_time": 0.28783655166625977, "passed": true}, "9": {"execution_time": 0.2828371524810791, "passed": true}, "10": {"execution_time": 0.280839204788208, "passed": true}, "11": {"execution_time": 0.3228147029876709, "passed": true}, "12": {"execution_time": 0.28583645820617676, "passed": true}, "13": {"execution_time": 0.29782915115356445, "passed": true}, "14": {"execution_time": 0.2868380546569824, "passed": true}, "15": {"execution_time": 0.31289148330688477, "passed": true}, "16": {"execution_time": 0.3411071300506592, "passed": true}, "17": {"execution_time": 0.3751406669616699, "passed": true}, "18": {"execution_time": 0.33181190490722656, "passed": true}, "19": {"execution_time": 0.35982227325439453, "passed": true}, "20": {"execution_time": 0.4552738666534424, "passed": true}, "21": {"execution_time": 0.33880615234375, "passed": true}, "22": {"execution_time": 0.48372364044189453, "passed": true}, "23": {"execution_time": 0.6136491298675537, "passed": true}}}, "check_style_score": "1/1"}