{"version": "1", "message": "ERROR: Hidden Testcases server unreachable.", "problem_id": "ads2_m2_a1_1", "user_id": "Anisha-Vulli", "score": {"sample": {"0": {"execution_time": 0.30992770195007324, "passed": true}, "1": {"execution_time": 0.25723838806152344, "passed": true}, "2": {"execution_time": 0.2739999294281006, "passed": true}, "3": {"execution_time": 0.26628661155700684, "passed": true}, "4": {"execution_time": 0.28026866912841797, "passed": true}, "5": {"execution_time": 0.2682003974914551, "passed": true}, "6": {"execution_time": 0.2529749870300293, "passed": true}, "7": {"execution_time": 0.2933492660522461, "passed": true}, "8": {"execution_time": 0.26143717765808105, "passed": true}, "9": {"execution_time": 0.26998448371887207, "passed": true}, "10": {"execution_time": 0.26383090019226074, "passed": true}, "11": {"execution_time": 0.2774064540863037, "passed": true}, "12": {"execution_time": 0.27679991722106934, "passed": true}, "13": {"execution_time": 0.28197741508483887, "passed": true}, "14": {"execution_time": 0.28124475479125977, "passed": true}, "15": {"execution_time": 0.319812536239624, "passed": true}, "16": {"execution_time": 0.3020296096801758, "passed": true}, "17": {"execution_time": 0.3301107883453369, "passed": true}, "18": {"execution_time": 0.2746617794036865, "passed": true}, "19": {"execution_time": 0.36026477813720703, "passed": true}, "20": {"execution_time": 0.38245391845703125, "passed": true}, "21": {"execution_time": 0.30167436599731445, "passed": true}, "22": {"execution_time": 0.40501856803894043, "passed": true}, "23": {"execution_time": 0.38010120391845703, "passed": true}}}, "check_style_score": "1/1"}