{"version": "1", "message": "ERROR: Hidden Testcases server unreachable.", "problem_id": "ads2_m2_a1_1", "user_id": "Anisha-Vulli", "score": {"sample": {"0": {"execution_time": 0.31295084953308105, "passed": true}, "1": {"execution_time": 0.27024316787719727, "passed": true}, "2": {"execution_time": 0.26938533782958984, "passed": true}, "3": {"execution_time": 0.27754735946655273, "passed": true}, "4": {"execution_time": 0.28075265884399414, "passed": false}, "5": {"execution_time": 0.4715554714202881, "passed": true}, "6": {"execution_time": 0.30260729789733887, "passed": false}, "7": {"execution_time": 0.31124448776245117, "passed": false}, "8": {"execution_time": 0.2800331115722656, "passed": false}, "9": {"execution_time": 0.2750074863433838, "passed": false}, "10": {"execution_time": 0.4388904571533203, "passed": false}, "11": {"execution_time": 0.30791616439819336, "passed": false}, "12": {"execution_time": 0.2967827320098877, "passed": false}, "13": {"execution_time": 0.3037257194519043, "passed": true}, "14": {"execution_time": 0.3232457637786865, "passed": false}, "15": {"execution_time": 0.3035242557525635, "passed": true}, "16": {"execution_time": 0.32720255851745605, "passed": false}, "17": {"execution_time": 0.3570101261138916, "passed": false}, "18": {"execution_time": 0.33594536781311035, "passed": false}, "19": {"execution_time": 0.39121103286743164, "passed": false}, "20": {"execution_time": 0.3970522880554199, "passed": false}, "21": {"execution_time": 0.2960624694824219, "passed": false}, "22": {"execution_time": 0.3951880931854248, "passed": false}, "23": {"execution_time": 0.42630624771118164, "passed": false}}}, "check_style_score": "1/1"}