{"version": "1", "message": "ERROR: Hidden Testcases server unreachable.", "problem_id": "ads2_m2_a1_1", "user_id": "Anisha-Vulli", "score": {"sample": {"0": {"execution_time": 0.30040478706359863, "passed": true}, "1": {"execution_time": 0.2812490463256836, "passed": true}, "2": {"execution_time": 0.27945661544799805, "passed": true}, "3": {"execution_time": 0.2629079818725586, "passed": true}, "4": {"execution_time": 0.28510332107543945, "passed": true}, "5": {"execution_time": 0.262347936630249, "passed": true}, "6": {"execution_time": 0.270857572555542, "passed": true}, "7": {"execution_time": 0.25316596031188965, "passed": true}, "8": {"execution_time": 0.25412511825561523, "passed": true}, "9": {"execution_time": 0.2528705596923828, "passed": true}, "10": {"execution_time": 0.2691028118133545, "passed": true}, "11": {"execution_time": 0.26302361488342285, "passed": true}, "12": {"execution_time": 0.2695751190185547, "passed": true}, "13": {"execution_time": 0.25380849838256836, "passed": true}, "14": {"execution_time": 0.2663285732269287, "passed": true}, "15": {"execution_time": 0.2721407413482666, "passed": true}, "16": {"execution_time": 0.26963186264038086, "passed": true}, "17": {"execution_time": 0.32242274284362793, "passed": true}, "18": {"execution_time": 0.28779029846191406, "passed": true}, "19": {"execution_time": 0.31721925735473633, "passed": true}, "20": {"execution_time": 0.36161184310913086, "passed": true}, "21": {"execution_time": 0.26949262619018555, "passed": true}, "22": {"execution_time": 0.3660140037536621, "passed": true}, "23": {"execution_time": 0.39162588119506836, "passed": true}}}, "check_style_score": "1/1"}