{"version": "1", "message": "ERROR: Hidden Testcases server unreachable.", "problem_id": "ads2_m2_a1_1", "user_id": "Anisha-Vulli", "score": {"sample": {"0": {"execution_time": 0.30024290084838867, "passed": true}, "1": {"execution_time": 0.2694661617279053, "passed": true}, "2": {"execution_time": 0.26268672943115234, "passed": true}, "3": {"execution_time": 0.2785487174987793, "passed": true}, "4": {"execution_time": 0.27581071853637695, "passed": true}, "5": {"execution_time": 0.25826597213745117, "passed": true}, "6": {"execution_time": 0.27246809005737305, "passed": true}, "7": {"execution_time": 0.24915146827697754, "passed": true}, "8": {"execution_time": 0.22272467613220215, "passed": true}, "9": {"execution_time": 0.29401206970214844, "passed": true}, "10": {"execution_time": 0.28591036796569824, "passed": true}, "11": {"execution_time": 0.2428112030029297, "passed": true}, "12": {"execution_time": 0.2684061527252197, "passed": true}, "13": {"execution_time": 0.25339508056640625, "passed": true}, "14": {"execution_time": 0.2424025535583496, "passed": true}, "15": {"execution_time": 0.2663543224334717, "passed": true}, "16": {"execution_time": 0.3004875183105469, "passed": true}, "17": {"execution_time": 0.30504417419433594, "passed": true}, "18": {"execution_time": 0.3382437229156494, "passed": true}, "19": {"execution_time": 0.31800365447998047, "passed": true}, "20": {"execution_time": 0.35233616828918457, "passed": true}, "21": {"execution_time": 0.2667980194091797, "passed": true}, "22": {"execution_time": 0.3528010845184326, "passed": true}, "23": {"execution_time": 0.4180316925048828, "passed": true}}}, "check_style_score": "1/1"}