{"version": "1", "message": "ERROR: Hidden Testcases server unreachable.", "problem_id": "ads2_m2_a1_1", "user_id": "Anisha-Vulli", "score": {"sample": {"0": {"execution_time": 0.3109395503997803, "passed": true}, "1": {"execution_time": 0.25022244453430176, "passed": true}, "2": {"execution_time": 0.27428483963012695, "passed": true}, "3": {"execution_time": 0.2714817523956299, "passed": true}, "4": {"execution_time": 0.26667356491088867, "passed": false}, "5": {"execution_time": 0.2630479335784912, "passed": true}, "6": {"execution_time": 0.2921621799468994, "passed": false}, "7": {"execution_time": 0.2460308074951172, "passed": false}, "8": {"execution_time": 0.266049861907959, "passed": false}, "9": {"execution_time": 0.2652781009674072, "passed": false}, "10": {"execution_time": 0.23370027542114258, "passed": false}, "11": {"execution_time": 0.28391361236572266, "passed": false}, "12": {"execution_time": 0.2665059566497803, "passed": false}, "13": {"execution_time": 0.2281637191772461, "passed": true}, "14": {"execution_time": 0.27544331550598145, "passed": false}, "15": {"execution_time": 0.3093113899230957, "passed": true}, "16": {"execution_time": 0.27947282791137695, "passed": false}, "17": {"execution_time": 0.3371846675872803, "passed": false}, "18": {"execution_time": 0.36757731437683105, "passed": false}, "19": {"execution_time": 0.3645751476287842, "passed": false}, "20": {"execution_time": 0.39179444313049316, "passed": false}, "21": {"execution_time": 0.2858607769012451, "passed": false}, "22": {"execution_time": 0.4284534454345703, "passed": false}, "23": {"execution_time": 0.44677138328552246, "passed": false}}}, "check_style_score": "1/1"}