{"version": "1", "message": "ERROR: Hidden Testcases server unreachable.", "problem_id": "ads2_m2_a1_1", "user_id": "Anisha-Vulli", "score": {"sample": {"0": {"execution_time": 0.3002910614013672, "passed": true}, "1": {"execution_time": 0.2534811496734619, "passed": true}, "2": {"execution_time": 0.24692559242248535, "passed": true}, "3": {"execution_time": 0.2631809711456299, "passed": true}, "4": {"execution_time": 0.25838661193847656, "passed": true}, "5": {"execution_time": 0.24387192726135254, "passed": true}, "6": {"execution_time": 0.23914051055908203, "passed": true}, "7": {"execution_time": 0.27741003036499023, "passed": true}, "8": {"execution_time": 0.28647327423095703, "passed": true}, "9": {"execution_time": 0.2411651611328125, "passed": true}, "10": {"execution_time": 0.25109410285949707, "passed": true}, "11": {"execution_time": 0.23571014404296875, "passed": true}, "12": {"execution_time": 0.26294708251953125, "passed": true}, "13": {"execution_time": 0.2532517910003662, "passed": true}, "14": {"execution_time": 0.27426838874816895, "passed": true}, "15": {"execution_time": 0.29611754417419434, "passed": true}, "16": {"execution_time": 0.3073923587799072, "passed": true}, "17": {"execution_time": 0.3062863349914551, "passed": true}, "18": {"execution_time": 0.3042111396789551, "passed": true}, "19": {"execution_time": 0.338299036026001, "passed": true}, "20": {"execution_time": 0.3162524700164795, "passed": true}, "21": {"execution_time": 0.2691221237182617, "passed": true}, "22": {"execution_time": 0.3966548442840576, "passed": true}, "23": {"execution_time": 0.3748600482940674, "passed": true}}}, "check_style_score": "1/1"}