{"version": "1", "message": "ERROR: Hidden Testcases server unreachable.", "problem_id": "ads2_m2_a1_1", "user_id": "Anisha-Vulli", "score": {"sample": {"0": {"execution_time": 0.33980536460876465, "passed": false}, "1": {"execution_time": 0.30895566940307617, "passed": false}, "2": {"execution_time": 0.29183197021484375, "passed": false}, "3": {"execution_time": 0.31101107597351074, "passed": false}, "4": {"execution_time": 0.2928907871246338, "passed": false}, "5": {"execution_time": 0.3128211498260498, "passed": false}, "6": {"execution_time": 0.317979097366333, "passed": false}, "7": {"execution_time": 0.3048238754272461, "passed": false}, "8": {"execution_time": 0.29584407806396484, "passed": false}, "9": {"execution_time": 0.27983903884887695, "passed": false}, "10": {"execution_time": 0.3179287910461426, "passed": false}, "11": {"execution_time": 0.30982303619384766, "passed": false}, "12": {"execution_time": 0.3128204345703125, "passed": false}, "13": {"execution_time": 0.31096911430358887, "passed": false}, "14": {"execution_time": 0.3767831325531006, "passed": false}, "15": {"execution_time": 0.3159189224243164, "passed": false}, "16": {"execution_time": 0.3088233470916748, "passed": false}, "17": {"execution_time": 0.3348429203033447, "passed": false}, "18": {"execution_time": 0.33783626556396484, "passed": false}, "19": {"execution_time": 0.3527977466583252, "passed": false}, "20": {"execution_time": 0.43051671981811523, "passed": false}, "21": {"execution_time": 0.2868368625640869, "passed": false}, "22": {"execution_time": 0.38613319396972656, "passed": false}, "23": {"execution_time": 0.36978650093078613, "passed": false}}}, "check_style_score": "1/1"}