{"version": "1", "message": "ERROR: Hidden Testcases server unreachable.", "problem_id": "ads2_m16_a1_1", "user_id": "Anisha-Vulli", "score": {"sample": {"0": {"execution_time": 0.40170884132385254, "passed": false}, "1": {"execution_time": 0.3802475929260254, "passed": false}, "2": {"execution_time": 0.7876813411712646, "passed": false}, "3": {"execution_time": 0.8261170387268066, "passed": false}, "4": {"execution_time": 0.8902585506439209, "passed": false}, "5": {"execution_time": 0.8131260871887207, "passed": false}, "6": {"execution_time": 0.845233678817749, "passed": false}, "7": {"execution_time": 0.7957842350006104, "passed": false}, "8": {"execution_time": 0.4362919330596924, "passed": false}, "9": {"execution_time": 0.8081104755401611, "passed": false}, "10": {"execution_time": 0.8121190071105957, "passed": false}, "11": {"execution_time": 0.32659268379211426, "passed": false}, "12": {"execution_time": 0.852741003036499, "passed": false}, "13": {"execution_time": 0.3866140842437744, "passed": true}, "14": {"execution_time": 0.7972915172576904, "passed": false}, "15": {"execution_time": 0.8182647228240967, "passed": false}, "16": {"execution_time": 0.4140450954437256, "passed": false}, "17": {"execution_time": 0.4249238967895508, "passed": false}, "18": {"execution_time": 0.4251525402069092, "passed": false}, "19": {"execution_time": 0.4153923988342285, "passed": false}, "20": {"execution_time": 0.4361872673034668, "passed": false}, "21": {"execution_time": 0.46765589714050293, "passed": false}, "22": {"execution_time": 0.4180912971496582, "passed": false}, "23": {"execution_time": 0.4381089210510254, "passed": false}, "24": {"execution_time": 0.3168151378631592, "passed": true}, "25": {"execution_time": 0.9328892230987549, "passed": false}, "26": {"execution_time": 0.8040134906768799, "passed": false}, "27": {"execution_time": 0.9294033050537109, "passed": false}, "28": {"execution_time": 1.3830411434173584, "passed": false}, "29": {"execution_time": 0.36200785636901855, "passed": false}}}, "check_style_score": "1/1"}