{"version": "1", "message": "ERROR: Hidden Testcases server unreachable.", "problem_id": "ads2_m16_a1_1", "user_id": "Anisha-Vulli", "score": {"sample": {"0": {"execution_time": 0.43742966651916504, "passed": true}, "1": {"execution_time": 0.4523799419403076, "passed": true}, "2": {"execution_time": 0.8577451705932617, "passed": true}, "3": {"execution_time": 1.106785774230957, "passed": true}, "4": {"execution_time": 0.898280143737793, "passed": true}, "5": {"execution_time": 0.8873472213745117, "passed": true}, "6": {"execution_time": 0.8704714775085449, "passed": true}, "7": {"execution_time": 0.8972914218902588, "passed": true}, "8": {"execution_time": 0.5229268074035645, "passed": true}, "9": {"execution_time": 0.8795626163482666, "passed": true}, "10": {"execution_time": 0.8796818256378174, "passed": true}, "11": {"execution_time": 4.948490619659424, "passed": true}, "12": {"execution_time": 0.8902802467346191, "passed": true}, "13": {"execution_time": 0.4049103260040283, "passed": true}, "14": {"execution_time": 0.9050295352935791, "passed": true}, "15": {"execution_time": 0.8901336193084717, "passed": true}, "16": {"execution_time": 0.5301549434661865, "passed": true}, "17": {"execution_time": 0.5173571109771729, "passed": true}, "18": {"execution_time": 0.48929405212402344, "passed": true}, "19": {"execution_time": 0.5200200080871582, "passed": true}, "20": {"execution_time": 0.5999035835266113, "passed": true}, "21": {"execution_time": 0.4938819408416748, "passed": true}, "22": {"execution_time": 0.5013148784637451, "passed": true}, "23": {"execution_time": 0.5324497222900391, "passed": true}, "24": {"execution_time": 0.40053343772888184, "passed": true}, "25": {"execution_time": 1.0909113883972168, "passed": true}, "26": {"execution_time": 0.9006850719451904, "passed": true}, "27": {"execution_time": 1.106166124343872, "passed": true}, "28": {"execution_time": 1.460848093032837, "passed": true}, "29": {"execution_time": 0.380352258682251, "passed": true}}}, "check_style_score": "1/1"}