{"version": "1", "message": "ERROR: Hidden Testcases server unreachable.", "problem_id": "ads2_m16_a1_1", "user_id": "Anisha-Vulli", "score": {"sample": {"0": {"execution_time": 0.5226354598999023, "passed": false}, "1": {"execution_time": 0.3561713695526123, "passed": false}, "2": {"execution_time": 0.821491003036499, "passed": false}, "3": {"execution_time": 0.7975490093231201, "passed": false}, "4": {"execution_time": 0.88533616065979, "passed": false}, "5": {"execution_time": 0.8159680366516113, "passed": false}, "6": {"execution_time": 0.8126380443572998, "passed": false}, "7": {"execution_time": 0.8074042797088623, "passed": false}, "8": {"execution_time": 0.46268248558044434, "passed": false}, "9": {"execution_time": 0.7944114208221436, "passed": false}, "10": {"execution_time": 0.8655967712402344, "passed": false}, "11": {"execution_time": 0.40998291969299316, "passed": false}, "12": {"execution_time": 0.9450745582580566, "passed": false}, "13": {"execution_time": 0.4245021343231201, "passed": true}, "14": {"execution_time": 0.914114236831665, "passed": false}, "15": {"execution_time": 0.9589769840240479, "passed": false}, "16": {"execution_time": 0.5189287662506104, "passed": false}, "17": {"execution_time": 0.6152911186218262, "passed": false}, "18": {"execution_time": 0.576012372970581, "passed": false}, "19": {"execution_time": 0.5217111110687256, "passed": false}, "20": {"execution_time": 0.5030741691589355, "passed": false}, "21": {"execution_time": 0.5104491710662842, "passed": false}, "22": {"execution_time": 0.5264971256256104, "passed": false}, "23": {"execution_time": 0.4937918186187744, "passed": false}, "24": {"execution_time": 0.348146915435791, "passed": true}, "25": {"execution_time": 0.9863927364349365, "passed": false}, "26": {"execution_time": 1.2975986003875732, "passed": false}, "27": {"execution_time": 0.9130284786224365, "passed": false}, "28": {"execution_time": 2.099332809448242, "passed": false}, "29": {"execution_time": 0.4599924087524414, "passed": true}}}, "check_style_score": "0/1"}