{"version": "1", "message": "ERROR: Hidden Testcases server unreachable.", "problem_id": "ads2_m16_a1_1", "user_id": "Anisha-Vulli", "score": {"sample": {"0": {"execution_time": 0.5173439979553223, "passed": true}, "1": {"execution_time": 1.016575813293457, "passed": true}, "2": {"execution_time": 1.6190786361694336, "passed": true}, "3": {"execution_time": 1.75006103515625, "passed": true}, "4": {"execution_time": 1.5036702156066895, "passed": true}, "5": {"execution_time": 1.4082422256469727, "passed": true}, "6": {"execution_time": 1.9889647960662842, "passed": true}, "7": {"execution_time": 1.3184711933135986, "passed": true}, "8": {"execution_time": 0.7936644554138184, "passed": true}, "9": {"execution_time": 1.423995018005371, "passed": true}, "10": {"execution_time": 1.2242977619171143, "passed": true}, "11": {"execution_time": 6.847575426101685, "passed": true}, "12": {"execution_time": 1.1290531158447266, "passed": true}, "13": {"execution_time": 0.47274351119995117, "passed": true}, "14": {"execution_time": 1.2168889045715332, "passed": true}, "15": {"execution_time": 1.1044020652770996, "passed": true}, "16": {"execution_time": 0.71059250831604, "passed": true}, "17": {"execution_time": 0.594658613204956, "passed": true}, "18": {"execution_time": 0.6129577159881592, "passed": true}, "19": {"execution_time": 0.6666154861450195, "passed": true}, "20": {"execution_time": 0.6926414966583252, "passed": true}, "21": {"execution_time": 0.606652021408081, "passed": true}, "22": {"execution_time": 0.6108303070068359, "passed": true}, "23": {"execution_time": 0.6856491565704346, "passed": true}, "24": {"execution_time": 0.6406352519989014, "passed": true}, "25": {"execution_time": 2.118786573410034, "passed": true}, "26": {"execution_time": 1.616074562072754, "passed": true}, "27": {"execution_time": 1.456773042678833, "passed": true}, "28": {"execution_time": 2.111768960952759, "passed": true}, "29": {"execution_time": 0.5886621475219727, "passed": true}}}, "check_style_score": "0/1"}