{"version": "1", "message": "ERROR: Hidden Testcases server unreachable.", "problem_id": "ads2_m16_a1_1", "user_id": "Anisha-Vulli", "score": {"sample": {"0": {"execution_time": 0.4004690647125244, "passed": false}, "1": {"execution_time": 0.3715696334838867, "passed": false}, "2": {"execution_time": 0.8056075572967529, "passed": false}, "3": {"execution_time": 0.8550927639007568, "passed": false}, "4": {"execution_time": 0.8425683975219727, "passed": false}, "5": {"execution_time": 0.8339264392852783, "passed": false}, "6": {"execution_time": 0.8412103652954102, "passed": false}, "7": {"execution_time": 0.8713960647583008, "passed": false}, "8": {"execution_time": 0.4341139793395996, "passed": false}, "9": {"execution_time": 0.780681848526001, "passed": false}, "10": {"execution_time": 0.8361072540283203, "passed": false}, "11": {"execution_time": 0.34427309036254883, "passed": false}, "12": {"execution_time": 0.8126053810119629, "passed": false}, "13": {"execution_time": 0.3707845211029053, "passed": true}, "14": {"execution_time": 0.8218939304351807, "passed": false}, "15": {"execution_time": 0.8133575916290283, "passed": false}, "16": {"execution_time": 0.4230971336364746, "passed": false}, "17": {"execution_time": 0.45822954177856445, "passed": false}, "18": {"execution_time": 0.45047998428344727, "passed": false}, "19": {"execution_time": 0.4361855983734131, "passed": false}, "20": {"execution_time": 0.4060804843902588, "passed": false}, "21": {"execution_time": 0.44035840034484863, "passed": false}, "22": {"execution_time": 0.42838120460510254, "passed": false}, "23": {"execution_time": 0.43906331062316895, "passed": false}, "24": {"execution_time": 0.3250844478607178, "passed": true}, "25": {"execution_time": 0.8960094451904297, "passed": false}, "26": {"execution_time": 0.6863813400268555, "passed": false}, "27": {"execution_time": 0.7916882038116455, "passed": false}, "28": {"execution_time": 1.265782117843628, "passed": false}, "29": {"execution_time": 0.6294291019439697, "passed": false}}}, "check_style_score": "1/1"}