{"version": "1", "message": "ERROR: Hidden Testcases server unreachable.", "problem_id": "ads2_m16_a1_1", "user_id": "Anisha-Vulli", "score": {"sample": {"0": {"execution_time": 0.5501630306243896, "passed": false}, "1": {"execution_time": 0.35735321044921875, "passed": false}, "2": {"execution_time": 0.615941047668457, "passed": false}, "3": {"execution_time": 0.5829787254333496, "passed": false}, "4": {"execution_time": 0.6477634906768799, "passed": false}, "5": {"execution_time": 0.6146080493927002, "passed": false}, "6": {"execution_time": 0.5697622299194336, "passed": false}, "7": {"execution_time": 1.138148546218872, "passed": false}, "8": {"execution_time": 0.5189931392669678, "passed": false}, "9": {"execution_time": 0.916433572769165, "passed": false}, "10": {"execution_time": 0.6087863445281982, "passed": false}, "11": {"execution_time": 0.27736473083496094, "passed": false}, "12": {"execution_time": 0.8625140190124512, "passed": false}, "13": {"execution_time": 0.34638500213623047, "passed": false}, "14": {"execution_time": 0.6321961879730225, "passed": false}, "15": {"execution_time": 0.9496009349822998, "passed": false}, "16": {"execution_time": 0.36427807807922363, "passed": false}, "17": {"execution_time": 0.3935720920562744, "passed": false}, "18": {"execution_time": 0.3695814609527588, "passed": false}, "19": {"execution_time": 0.38509202003479004, "passed": false}, "20": {"execution_time": 0.5510828495025635, "passed": false}, "21": {"execution_time": 0.39075803756713867, "passed": false}, "22": {"execution_time": 0.45337820053100586, "passed": false}, "23": {"execution_time": 0.5403361320495605, "passed": false}, "24": {"execution_time": 0.2883017063140869, "passed": false}, "25": {"execution_time": 0.8583369255065918, "passed": false}, "26": {"execution_time": 0.5969243049621582, "passed": false}, "27": {"execution_time": 0.913975715637207, "passed": false}, "28": {"execution_time": 0.9636318683624268, "passed": false}, "29": {"execution_time": 0.46999144554138184, "passed": false}}}, "check_style_score": "0/1"}