{"version": "1", "message": "ERROR: Hidden Testcases server unreachable.", "problem_id": "ads2_m16_a1_1", "user_id": "Anisha-Vulli", "score": {"sample": {"0": {"execution_time": 0.4102470874786377, "passed": true}, "1": {"execution_time": 0.5020205974578857, "passed": true}, "2": {"execution_time": 1.0393893718719482, "passed": true}, "3": {"execution_time": 1.2803354263305664, "passed": true}, "4": {"execution_time": 1.0195562839508057, "passed": true}, "5": {"execution_time": 1.06874418258667, "passed": true}, "6": {"execution_time": 0.8798656463623047, "passed": true}, "7": {"execution_time": 1.13608980178833, "passed": true}, "8": {"execution_time": 0.5661664009094238, "passed": true}, "9": {"execution_time": 1.0290615558624268, "passed": true}, "10": {"execution_time": 1.2915115356445312, "passed": true}, "11": {"execution_time": 5.31787633895874, "passed": true}, "12": {"execution_time": 0.9727709293365479, "passed": true}, "13": {"execution_time": 0.40830063819885254, "passed": true}, "14": {"execution_time": 0.9263994693756104, "passed": true}, "15": {"execution_time": 0.8596758842468262, "passed": true}, "16": {"execution_time": 0.477370023727417, "passed": true}, "17": {"execution_time": 0.4899437427520752, "passed": true}, "18": {"execution_time": 0.48097920417785645, "passed": true}, "19": {"execution_time": 0.5139508247375488, "passed": true}, "20": {"execution_time": 0.5371432304382324, "passed": true}, "21": {"execution_time": 0.4800875186920166, "passed": true}, "22": {"execution_time": 0.5105228424072266, "passed": true}, "23": {"execution_time": 0.5092363357543945, "passed": true}, "24": {"execution_time": 0.3893115520477295, "passed": true}, "25": {"execution_time": 1.0541267395019531, "passed": true}, "26": {"execution_time": 0.8833374977111816, "passed": true}, "27": {"execution_time": 1.0904433727264404, "passed": true}, "28": {"execution_time": 1.437408447265625, "passed": true}, "29": {"execution_time": 0.35968446731567383, "passed": true}}}, "check_style_score": "1/1"}