{"version": "1", "message": "ERROR: Hidden Testcases server unreachable.", "problem_id": "ads2_m16_a1_1", "user_id": "Anisha-Vulli", "score": {"sample": {"0": {"execution_time": 0.49320507049560547, "passed": true}, "1": {"execution_time": 0.4379305839538574, "passed": true}, "2": {"execution_time": 0.8778505325317383, "passed": true}, "3": {"execution_time": 1.0851528644561768, "passed": true}, "4": {"execution_time": 1.0210950374603271, "passed": true}, "5": {"execution_time": 1.0897555351257324, "passed": true}, "6": {"execution_time": 1.053887128829956, "passed": true}, "7": {"execution_time": 0.9926609992980957, "passed": true}, "8": {"execution_time": 0.608928918838501, "passed": true}, "9": {"execution_time": 0.9427273273468018, "passed": true}, "10": {"execution_time": 0.9160463809967041, "passed": true}, "11": {"execution_time": 5.3880836963653564, "passed": true}, "12": {"execution_time": 0.8456058502197266, "passed": true}, "13": {"execution_time": 0.38309192657470703, "passed": true}, "14": {"execution_time": 0.8937442302703857, "passed": true}, "15": {"execution_time": 0.8735074996948242, "passed": true}, "16": {"execution_time": 0.5683555603027344, "passed": true}, "17": {"execution_time": 0.6180300712585449, "passed": true}, "18": {"execution_time": 0.8244061470031738, "passed": true}, "19": {"execution_time": 0.533754825592041, "passed": true}, "20": {"execution_time": 0.5444536209106445, "passed": true}, "21": {"execution_time": 0.4947831630706787, "passed": true}, "22": {"execution_time": 0.48357152938842773, "passed": true}, "23": {"execution_time": 0.49793577194213867, "passed": true}, "24": {"execution_time": 0.3698258399963379, "passed": true}, "25": {"execution_time": 1.0958616733551025, "passed": true}, "26": {"execution_time": 0.8765661716461182, "passed": true}, "27": {"execution_time": 1.1392533779144287, "passed": true}, "28": {"execution_time": 1.5016982555389404, "passed": true}, "29": {"execution_time": 0.3565242290496826, "passed": true}}}, "check_style_score": "0/1"}