{"version": "1", "message": "ERROR: Hidden Testcases server unreachable.", "problem_id": "ads2_m16_a1_1", "user_id": "Anisha-Vulli", "score": {"sample": {"0": {"execution_time": 0.4719555377960205, "passed": true}, "1": {"execution_time": 0.377976655960083, "passed": true}, "2": {"execution_time": 0.8594169616699219, "passed": true}, "3": {"execution_time": 0.7849667072296143, "passed": true}, "4": {"execution_time": 0.853541374206543, "passed": true}, "5": {"execution_time": 0.8594961166381836, "passed": true}, "6": {"execution_time": 0.7970371246337891, "passed": true}, "7": {"execution_time": 0.8282487392425537, "passed": true}, "8": {"execution_time": 0.49553489685058594, "passed": true}, "9": {"execution_time": 0.788520336151123, "passed": true}, "10": {"execution_time": 0.8082833290100098, "passed": true}, "11": {"execution_time": 4.721166133880615, "passed": true}, "12": {"execution_time": 0.8299560546875, "passed": true}, "13": {"execution_time": 0.375685453414917, "passed": true}, "14": {"execution_time": 0.8248231410980225, "passed": true}, "15": {"execution_time": 0.8249385356903076, "passed": true}, "16": {"execution_time": 0.45238256454467773, "passed": true}, "17": {"execution_time": 0.44101905822753906, "passed": true}, "18": {"execution_time": 0.45035266876220703, "passed": true}, "19": {"execution_time": 0.48313450813293457, "passed": true}, "20": {"execution_time": 0.5156114101409912, "passed": true}, "21": {"execution_time": 0.45230984687805176, "passed": true}, "22": {"execution_time": 0.4722461700439453, "passed": true}, "23": {"execution_time": 0.4276423454284668, "passed": true}, "24": {"execution_time": 0.3563048839569092, "passed": true}, "25": {"execution_time": 1.044661521911621, "passed": true}, "26": {"execution_time": 0.7972323894500732, "passed": true}, "27": {"execution_time": 1.013427495956421, "passed": true}, "28": {"execution_time": 1.5629351139068604, "passed": true}, "29": {"execution_time": 0.48136472702026367, "passed": true}}}, "check_style_score": "0/1"}