{"version": "1", "message": "ERROR: Hidden Testcases server unreachable.", "problem_id": "ads2_m16_a1_1", "user_id": "Anisha-Vulli", "score": {"sample": {"0": {"execution_time": 0.4478185176849365, "passed": true}, "1": {"execution_time": 0.3628857135772705, "passed": true}, "2": {"execution_time": 0.8018696308135986, "passed": true}, "3": {"execution_time": 0.7865149974822998, "passed": true}, "4": {"execution_time": 0.7705318927764893, "passed": true}, "5": {"execution_time": 0.8172435760498047, "passed": true}, "6": {"execution_time": 0.8020925521850586, "passed": true}, "7": {"execution_time": 0.8177945613861084, "passed": true}, "8": {"execution_time": 0.5009856224060059, "passed": true}, "9": {"execution_time": 0.76434326171875, "passed": true}, "10": {"execution_time": 0.8020966053009033, "passed": true}, "11": {"execution_time": 4.655894041061401, "passed": true}, "12": {"execution_time": 0.8333349227905273, "passed": true}, "13": {"execution_time": 0.36283254623413086, "passed": true}, "14": {"execution_time": 0.819995641708374, "passed": true}, "15": {"execution_time": 0.8329606056213379, "passed": true}, "16": {"execution_time": 0.45363521575927734, "passed": true}, "17": {"execution_time": 0.4696018695831299, "passed": true}, "18": {"execution_time": 0.4853181838989258, "passed": true}, "19": {"execution_time": 0.4896998405456543, "passed": true}, "20": {"execution_time": 0.4991490840911865, "passed": true}, "21": {"execution_time": 0.4542503356933594, "passed": true}, "22": {"execution_time": 0.43842554092407227, "passed": true}, "23": {"execution_time": 0.41634416580200195, "passed": true}, "24": {"execution_time": 0.3228621482849121, "passed": true}, "25": {"execution_time": 0.9356937408447266, "passed": true}, "26": {"execution_time": 0.7954275608062744, "passed": true}, "27": {"execution_time": 1.022695541381836, "passed": true}, "28": {"execution_time": 1.4192755222320557, "passed": true}, "29": {"execution_time": 0.34726381301879883, "passed": true}}}, "check_style_score": "0/1"}