{"version": "1", "message": "ERROR: Hidden Testcases server unreachable.", "problem_id": "ads2_m16_a1_1", "user_id": "Anisha-Vulli", "score": {"sample": {"0": {"execution_time": 0.39461517333984375, "passed": true}, "1": {"execution_time": 0.4207737445831299, "passed": true}, "2": {"execution_time": 0.762805700302124, "passed": true}, "3": {"execution_time": 0.8126299381256104, "passed": true}, "4": {"execution_time": 0.8259820938110352, "passed": true}, "5": {"execution_time": 0.8183877468109131, "passed": true}, "6": {"execution_time": 0.8088045120239258, "passed": true}, "7": {"execution_time": 0.8113236427307129, "passed": true}, "8": {"execution_time": 0.5144808292388916, "passed": true}, "9": {"execution_time": 0.7778804302215576, "passed": true}, "10": {"execution_time": 0.8257308006286621, "passed": true}, "11": {"execution_time": 4.664407253265381, "passed": true}, "12": {"execution_time": 0.8439974784851074, "passed": true}, "13": {"execution_time": 0.3886396884918213, "passed": true}, "14": {"execution_time": 0.9075908660888672, "passed": true}, "15": {"execution_time": 0.8833370208740234, "passed": true}, "16": {"execution_time": 0.49701523780822754, "passed": true}, "17": {"execution_time": 0.483565092086792, "passed": true}, "18": {"execution_time": 0.4665219783782959, "passed": true}, "19": {"execution_time": 0.5272786617279053, "passed": true}, "20": {"execution_time": 0.5287342071533203, "passed": true}, "21": {"execution_time": 0.45192861557006836, "passed": true}, "22": {"execution_time": 0.4707367420196533, "passed": true}, "23": {"execution_time": 0.4827308654785156, "passed": true}, "24": {"execution_time": 0.34331655502319336, "passed": true}, "25": {"execution_time": 1.0233914852142334, "passed": true}, "26": {"execution_time": 0.8763298988342285, "passed": true}, "27": {"execution_time": 1.0130202770233154, "passed": true}, "28": {"execution_time": 1.5355887413024902, "passed": true}, "29": {"execution_time": 0.387009859085083, "passed": true}}}, "check_style_score": "1/1"}