{"version": "1", "message": "ERROR: Hidden Testcases server unreachable.", "problem_id": "ads2_m16_a1_1", "user_id": "Anisha-Vulli", "score": {"sample": {"0": {"execution_time": 0.3941657543182373, "passed": true}, "1": {"execution_time": 0.3902866840362549, "passed": true}, "2": {"execution_time": 0.7918033599853516, "passed": true}, "3": {"execution_time": 0.8441543579101562, "passed": true}, "4": {"execution_time": 0.784754753112793, "passed": true}, "5": {"execution_time": 0.7547798156738281, "passed": true}, "6": {"execution_time": 0.8083717823028564, "passed": true}, "7": {"execution_time": 0.7929039001464844, "passed": true}, "8": {"execution_time": 0.46363234519958496, "passed": true}, "9": {"execution_time": 0.7585370540618896, "passed": true}, "10": {"execution_time": 0.8664567470550537, "passed": true}, "11": {"execution_time": 5.240535736083984, "passed": true}, "12": {"execution_time": 1.3931634426116943, "passed": true}, "13": {"execution_time": 0.44397807121276855, "passed": true}, "14": {"execution_time": 1.21632719039917, "passed": true}, "15": {"execution_time": 1.1352906227111816, "passed": true}, "16": {"execution_time": 0.7984447479248047, "passed": true}, "17": {"execution_time": 0.8770890235900879, "passed": true}, "18": {"execution_time": 0.5063886642456055, "passed": true}, "19": {"execution_time": 0.6464874744415283, "passed": true}, "20": {"execution_time": 0.5624754428863525, "passed": true}, "21": {"execution_time": 0.5563328266143799, "passed": true}, "22": {"execution_time": 0.6521306037902832, "passed": true}, "23": {"execution_time": 0.8684718608856201, "passed": true}, "24": {"execution_time": 0.369842529296875, "passed": true}, "25": {"execution_time": 1.0369036197662354, "passed": true}, "26": {"execution_time": 0.8423917293548584, "passed": true}, "27": {"execution_time": 1.7900125980377197, "passed": true}, "28": {"execution_time": 2.3089439868927, "passed": true}, "29": {"execution_time": 0.5100016593933105, "passed": true}}}, "check_style_score": "0/1"}