{"version": "1", "message": "ERROR: Hidden Testcases server unreachable.", "problem_id": "ads2_m16_a1_1", "user_id": "Anisha-Vulli", "score": {"sample": {"0": {"execution_time": 0.4785773754119873, "passed": false}, "1": {"execution_time": 0.4670143127441406, "passed": false}, "2": {"execution_time": 1.0031025409698486, "passed": false}, "3": {"execution_time": 0.9454350471496582, "passed": false}, "4": {"execution_time": 0.8493387699127197, "passed": false}, "5": {"execution_time": 0.8310368061065674, "passed": false}, "6": {"execution_time": 0.8629565238952637, "passed": false}, "7": {"execution_time": 0.8702254295349121, "passed": false}, "8": {"execution_time": 0.47428393363952637, "passed": false}, "9": {"execution_time": 0.8402848243713379, "passed": false}, "10": {"execution_time": 0.8463912010192871, "passed": false}, "11": {"execution_time": 0.3438425064086914, "passed": false}, "12": {"execution_time": 0.9236836433410645, "passed": false}, "13": {"execution_time": 0.3401510715484619, "passed": false}, "14": {"execution_time": 0.8400416374206543, "passed": false}, "15": {"execution_time": 0.8157460689544678, "passed": false}, "16": {"execution_time": 0.5200684070587158, "passed": false}, "17": {"execution_time": 0.6603822708129883, "passed": false}, "18": {"execution_time": 0.579883337020874, "passed": false}, "19": {"execution_time": 0.7313246726989746, "passed": false}, "20": {"execution_time": 0.8270299434661865, "passed": false}, "21": {"execution_time": 0.663355827331543, "passed": false}, "22": {"execution_time": 0.7413196563720703, "passed": false}, "23": {"execution_time": 0.6699624061584473, "passed": false}, "24": {"execution_time": 0.5101206302642822, "passed": true}, "25": {"execution_time": 1.1012287139892578, "passed": false}, "26": {"execution_time": 0.7755670547485352, "passed": false}, "27": {"execution_time": 1.1057651042938232, "passed": false}, "28": {"execution_time": 1.8706092834472656, "passed": false}, "29": {"execution_time": 0.48267650604248047, "passed": true}}}, "check_style_score": "0/1"}