{"version": "1", "message": "ERROR: Hidden Testcases server unreachable.", "problem_id": "ads2_m16_a1_1", "user_id": "Anisha-Vulli", "score": {"sample": {"0": {"execution_time": 0.4174153804779053, "passed": false}, "1": {"execution_time": 0.3682074546813965, "passed": false}, "2": {"execution_time": 0.8261499404907227, "passed": false}, "3": {"execution_time": 0.8363757133483887, "passed": false}, "4": {"execution_time": 0.7988455295562744, "passed": false}, "5": {"execution_time": 0.8466670513153076, "passed": false}, "6": {"execution_time": 0.8453154563903809, "passed": false}, "7": {"execution_time": 0.790287971496582, "passed": false}, "8": {"execution_time": 0.45237302780151367, "passed": false}, "9": {"execution_time": 0.8205606937408447, "passed": false}, "10": {"execution_time": 0.8508508205413818, "passed": false}, "11": {"execution_time": 0.30364489555358887, "passed": false}, "12": {"execution_time": 0.7935299873352051, "passed": false}, "13": {"execution_time": 0.3649275302886963, "passed": true}, "14": {"execution_time": 0.8366880416870117, "passed": false}, "15": {"execution_time": 0.8262567520141602, "passed": false}, "16": {"execution_time": 0.4379308223724365, "passed": false}, "17": {"execution_time": 0.4225325584411621, "passed": false}, "18": {"execution_time": 0.4042322635650635, "passed": false}, "19": {"execution_time": 0.43729352951049805, "passed": false}, "20": {"execution_time": 0.42554783821105957, "passed": false}, "21": {"execution_time": 0.4450216293334961, "passed": false}, "22": {"execution_time": 0.44348621368408203, "passed": false}, "23": {"execution_time": 0.4186983108520508, "passed": false}, "24": {"execution_time": 0.31641364097595215, "passed": true}, "25": {"execution_time": 0.82956862449646, "passed": false}, "26": {"execution_time": 0.7106075286865234, "passed": false}, "27": {"execution_time": 0.8084912300109863, "passed": false}, "28": {"execution_time": 1.3405802249908447, "passed": false}, "29": {"execution_time": 0.36137890815734863, "passed": false}}}, "check_style_score": "1/1"}