{"version": "1", "message": "ERROR: Hidden Testcases server unreachable.", "problem_id": "ads2_m16_a1_1", "user_id": "Anisha-Vulli", "score": {"sample": {"0": {"execution_time": 0.44295430183410645, "passed": false}, "1": {"execution_time": 0.36824870109558105, "passed": false}, "2": {"execution_time": 0.8073866367340088, "passed": false}, "3": {"execution_time": 0.8174829483032227, "passed": false}, "4": {"execution_time": 0.8044874668121338, "passed": false}, "5": {"execution_time": 0.7883179187774658, "passed": false}, "6": {"execution_time": 0.832421064376831, "passed": false}, "7": {"execution_time": 0.8120827674865723, "passed": false}, "8": {"execution_time": 0.43259191513061523, "passed": false}, "9": {"execution_time": 0.8161458969116211, "passed": false}, "10": {"execution_time": 0.8299129009246826, "passed": false}, "11": {"execution_time": 0.3151545524597168, "passed": false}, "12": {"execution_time": 0.8096122741699219, "passed": false}, "13": {"execution_time": 0.41095519065856934, "passed": true}, "14": {"execution_time": 0.8057665824890137, "passed": false}, "15": {"execution_time": 0.8322761058807373, "passed": false}, "16": {"execution_time": 0.42022228240966797, "passed": false}, "17": {"execution_time": 0.43009042739868164, "passed": false}, "18": {"execution_time": 0.4374415874481201, "passed": false}, "19": {"execution_time": 0.4338209629058838, "passed": false}, "20": {"execution_time": 0.43376827239990234, "passed": false}, "21": {"execution_time": 0.4481813907623291, "passed": false}, "22": {"execution_time": 0.4324166774749756, "passed": false}, "23": {"execution_time": 0.44019436836242676, "passed": false}, "24": {"execution_time": 0.30434489250183105, "passed": true}, "25": {"execution_time": 0.8245913982391357, "passed": false}, "26": {"execution_time": 0.6934006214141846, "passed": false}, "27": {"execution_time": 0.8004260063171387, "passed": false}, "28": {"execution_time": 1.2728519439697266, "passed": false}, "29": {"execution_time": 0.33704352378845215, "passed": false}}}, "check_style_score": "1/1"}