{"version": "1", "message": "ERROR: Hidden Testcases server unreachable.", "problem_id": "ads2_m16_a1_1", "user_id": "Anisha-Vulli", "score": {"sample": {"0": {"execution_time": 0.4497108459472656, "passed": true}, "1": {"execution_time": 0.440112829208374, "passed": true}, "2": {"execution_time": 0.9423942565917969, "passed": true}, "3": {"execution_time": 0.8431248664855957, "passed": true}, "4": {"execution_time": 0.8370885848999023, "passed": true}, "5": {"execution_time": 0.8897502422332764, "passed": true}, "6": {"execution_time": 0.8581342697143555, "passed": true}, "7": {"execution_time": 0.8635878562927246, "passed": true}, "8": {"execution_time": 0.550527811050415, "passed": true}, "9": {"execution_time": 0.8867342472076416, "passed": true}, "10": {"execution_time": 0.8400115966796875, "passed": true}, "11": {"execution_time": 4.8937084674835205, "passed": true}, "12": {"execution_time": 0.8896985054016113, "passed": true}, "13": {"execution_time": 0.3912844657897949, "passed": true}, "14": {"execution_time": 0.8873136043548584, "passed": true}, "15": {"execution_time": 0.8795309066772461, "passed": true}, "16": {"execution_time": 0.4905979633331299, "passed": true}, "17": {"execution_time": 0.48212361335754395, "passed": true}, "18": {"execution_time": 0.5177898406982422, "passed": true}, "19": {"execution_time": 0.5375657081604004, "passed": true}, "20": {"execution_time": 0.5303084850311279, "passed": true}, "21": {"execution_time": 0.5001146793365479, "passed": true}, "22": {"execution_time": 0.5088891983032227, "passed": true}, "23": {"execution_time": 0.513427734375, "passed": true}, "24": {"execution_time": 0.40578603744506836, "passed": true}, "25": {"execution_time": 1.2699229717254639, "passed": true}, "26": {"execution_time": 0.8757388591766357, "passed": true}, "27": {"execution_time": 1.1102502346038818, "passed": true}, "28": {"execution_time": 1.4704265594482422, "passed": true}, "29": {"execution_time": 0.37062835693359375, "passed": true}}}, "check_style_score": "1/1"}