{"version": "1", "message": "ERROR: Hidden Testcases server unreachable.", "problem_id": "ads2_m16_a1_1", "user_id": "Anisha-Vulli", "score": {"sample": {"0": {"execution_time": 0.42966341972351074, "passed": false}, "1": {"execution_time": 0.3982064723968506, "passed": false}, "2": {"execution_time": 0.909987211227417, "passed": false}, "3": {"execution_time": 0.8222754001617432, "passed": false}, "4": {"execution_time": 0.8993983268737793, "passed": false}, "5": {"execution_time": 0.8144426345825195, "passed": false}, "6": {"execution_time": 0.8311152458190918, "passed": false}, "7": {"execution_time": 0.8319611549377441, "passed": false}, "8": {"execution_time": 0.47127866744995117, "passed": false}, "9": {"execution_time": 0.868990421295166, "passed": false}, "10": {"execution_time": 0.8790309429168701, "passed": false}, "11": {"execution_time": 0.3236231803894043, "passed": false}, "12": {"execution_time": 0.8689062595367432, "passed": false}, "13": {"execution_time": 0.37995362281799316, "passed": false}, "14": {"execution_time": 0.8560159206390381, "passed": false}, "15": {"execution_time": 0.9245648384094238, "passed": false}, "16": {"execution_time": 0.4979074001312256, "passed": false}, "17": {"execution_time": 0.5592303276062012, "passed": false}, "18": {"execution_time": 0.5027234554290771, "passed": false}, "19": {"execution_time": 0.5050597190856934, "passed": false}, "20": {"execution_time": 0.529412031173706, "passed": false}, "21": {"execution_time": 0.5218157768249512, "passed": false}, "22": {"execution_time": 0.46848273277282715, "passed": false}, "23": {"execution_time": 0.4563932418823242, "passed": false}, "24": {"execution_time": 0.3809385299682617, "passed": false}, "25": {"execution_time": 0.8803126811981201, "passed": false}, "26": {"execution_time": 0.9095416069030762, "passed": false}, "27": {"execution_time": 1.0658857822418213, "passed": false}, "28": {"execution_time": 1.35247802734375, "passed": false}, "29": {"execution_time": 0.37781810760498047, "passed": true}}}, "check_style_score": "0/1"}