{"version": "1", "message": "ERROR: Hidden Testcases server unreachable.", "problem_id": "ads2_m16_a1_1", "user_id": "Anisha-Vulli", "score": {"sample": {"0": {"execution_time": 0.4487893581390381, "passed": false}, "1": {"execution_time": 0.4152991771697998, "passed": false}, "2": {"execution_time": 0.8167932033538818, "passed": false}, "3": {"execution_time": 0.878300666809082, "passed": false}, "4": {"execution_time": 0.8492238521575928, "passed": false}, "5": {"execution_time": 0.8137786388397217, "passed": false}, "6": {"execution_time": 0.8343074321746826, "passed": false}, "7": {"execution_time": 0.8046185970306396, "passed": false}, "8": {"execution_time": 0.5352880954742432, "passed": false}, "9": {"execution_time": 0.9120969772338867, "passed": false}, "10": {"execution_time": 0.828622579574585, "passed": false}, "11": {"execution_time": 0.34502482414245605, "passed": false}, "12": {"execution_time": 0.8347053527832031, "passed": false}, "13": {"execution_time": 0.35350680351257324, "passed": true}, "14": {"execution_time": 0.8240916728973389, "passed": false}, "15": {"execution_time": 0.8969464302062988, "passed": false}, "16": {"execution_time": 0.46435093879699707, "passed": false}, "17": {"execution_time": 0.46352505683898926, "passed": true}, "18": {"execution_time": 0.4697239398956299, "passed": false}, "19": {"execution_time": 0.4371027946472168, "passed": false}, "20": {"execution_time": 0.48632144927978516, "passed": false}, "21": {"execution_time": 0.44478750228881836, "passed": false}, "22": {"execution_time": 0.45888638496398926, "passed": false}, "23": {"execution_time": 0.46344470977783203, "passed": false}, "24": {"execution_time": 0.3538827896118164, "passed": true}, "25": {"execution_time": 0.8124516010284424, "passed": false}, "26": {"execution_time": 0.7239453792572021, "passed": false}, "27": {"execution_time": 0.8314027786254883, "passed": false}, "28": {"execution_time": 1.280360460281372, "passed": false}, "29": {"execution_time": 0.33281445503234863, "passed": true}}}, "check_style_score": "1/1"}