{"version": "1", "message": "ERROR: Hidden Testcases server unreachable.", "problem_id": "ads2_m16_a1_1", "user_id": "Anisha-Vulli", "score": {"sample": {"0": {"execution_time": 0.5667037963867188, "passed": true}, "1": {"execution_time": 0.6154804229736328, "passed": true}, "2": {"execution_time": 1.2173175811767578, "passed": true}, "3": {"execution_time": 1.1333825588226318, "passed": true}, "4": {"execution_time": 1.1343498229980469, "passed": true}, "5": {"execution_time": 1.156576156616211, "passed": true}, "6": {"execution_time": 1.2019689083099365, "passed": true}, "7": {"execution_time": 1.131068229675293, "passed": true}, "8": {"execution_time": 0.7010512351989746, "passed": true}, "9": {"execution_time": 1.115372657775879, "passed": true}, "10": {"execution_time": 1.1273064613342285, "passed": true}, "11": {"execution_time": 6.131026983261108, "passed": true}, "12": {"execution_time": 1.1624119281768799, "passed": true}, "13": {"execution_time": 0.5107345581054688, "passed": true}, "14": {"execution_time": 1.1153628826141357, "passed": true}, "15": {"execution_time": 1.1667592525482178, "passed": true}, "16": {"execution_time": 0.7100000381469727, "passed": true}, "17": {"execution_time": 0.6370456218719482, "passed": true}, "18": {"execution_time": 0.6430785655975342, "passed": true}, "19": {"execution_time": 0.6676187515258789, "passed": true}, "20": {"execution_time": 0.7388052940368652, "passed": true}, "21": {"execution_time": 0.6281521320343018, "passed": true}, "22": {"execution_time": 0.6281528472900391, "passed": true}, "23": {"execution_time": 0.6835377216339111, "passed": true}, "24": {"execution_time": 0.5906615257263184, "passed": true}, "25": {"execution_time": 1.377652645111084, "passed": true}, "26": {"execution_time": 1.217484951019287, "passed": true}, "27": {"execution_time": 1.530773401260376, "passed": true}, "28": {"execution_time": 1.995715856552124, "passed": true}, "29": {"execution_time": 0.5147073268890381, "passed": true}}}, "check_style_score": "0/1"}