{"version": "1", "message": "ERROR: Hidden Testcases server unreachable.", "problem_id": "ads2_m16_a1_1", "user_id": "Anisha-Vulli", "score": {"sample": {"0": {"execution_time": 0.43120813369750977, "passed": true}, "1": {"execution_time": 0.47124791145324707, "passed": true}, "2": {"execution_time": 0.8796088695526123, "passed": true}, "3": {"execution_time": 0.8799121379852295, "passed": true}, "4": {"execution_time": 0.8934388160705566, "passed": true}, "5": {"execution_time": 0.8967673778533936, "passed": true}, "6": {"execution_time": 0.8766000270843506, "passed": true}, "7": {"execution_time": 0.8536028861999512, "passed": true}, "8": {"execution_time": 0.5376007556915283, "passed": true}, "9": {"execution_time": 0.8626918792724609, "passed": true}, "10": {"execution_time": 0.8523409366607666, "passed": true}, "11": {"execution_time": 4.897989749908447, "passed": true}, "12": {"execution_time": 0.877612829208374, "passed": true}, "13": {"execution_time": 0.4136927127838135, "passed": true}, "14": {"execution_time": 0.8804323673248291, "passed": true}, "15": {"execution_time": 0.8501715660095215, "passed": true}, "16": {"execution_time": 0.5087807178497314, "passed": true}, "17": {"execution_time": 0.5691909790039062, "passed": true}, "18": {"execution_time": 0.5154509544372559, "passed": true}, "19": {"execution_time": 0.5300755500793457, "passed": true}, "20": {"execution_time": 0.5407934188842773, "passed": true}, "21": {"execution_time": 0.4906904697418213, "passed": true}, "22": {"execution_time": 0.5268220901489258, "passed": true}, "23": {"execution_time": 0.5225238800048828, "passed": true}, "24": {"execution_time": 0.3900020122528076, "passed": true}, "25": {"execution_time": 1.1235251426696777, "passed": true}, "26": {"execution_time": 0.8386354446411133, "passed": true}, "27": {"execution_time": 1.1168367862701416, "passed": true}, "28": {"execution_time": 1.4363353252410889, "passed": true}, "29": {"execution_time": 0.3992123603820801, "passed": true}}}, "check_style_score": "1/1"}