{"version": "1", "message": "ERROR: Hidden Testcases server unreachable.", "problem_id": "ads2_m16_a1_1", "user_id": "Anisha-Vulli", "score": {"sample": {"0": {"execution_time": 0.3933093547821045, "passed": false}, "1": {"execution_time": 0.3927145004272461, "passed": false}, "2": {"execution_time": 0.8650984764099121, "passed": false}, "3": {"execution_time": 0.8121976852416992, "passed": false}, "4": {"execution_time": 0.7996182441711426, "passed": false}, "5": {"execution_time": 0.7851943969726562, "passed": false}, "6": {"execution_time": 0.8128268718719482, "passed": false}, "7": {"execution_time": 0.7767822742462158, "passed": false}, "8": {"execution_time": 0.4410407543182373, "passed": false}, "9": {"execution_time": 0.7964859008789062, "passed": false}, "10": {"execution_time": 0.8057372570037842, "passed": false}, "11": {"execution_time": 0.3125309944152832, "passed": false}, "12": {"execution_time": 0.8274948596954346, "passed": false}, "13": {"execution_time": 0.32198309898376465, "passed": true}, "14": {"execution_time": 0.7804880142211914, "passed": false}, "15": {"execution_time": 0.8043138980865479, "passed": false}, "16": {"execution_time": 0.4399116039276123, "passed": false}, "17": {"execution_time": 0.42267513275146484, "passed": false}, "18": {"execution_time": 0.40648818016052246, "passed": false}, "19": {"execution_time": 0.42560601234436035, "passed": false}, "20": {"execution_time": 0.45227885246276855, "passed": false}, "21": {"execution_time": 0.47762107849121094, "passed": false}, "22": {"execution_time": 0.5349180698394775, "passed": false}, "23": {"execution_time": 0.52457594871521, "passed": false}, "24": {"execution_time": 0.3414115905761719, "passed": true}, "25": {"execution_time": 0.9519274234771729, "passed": false}, "26": {"execution_time": 0.8161261081695557, "passed": false}, "27": {"execution_time": 0.9622907638549805, "passed": false}, "28": {"execution_time": 1.438612937927246, "passed": false}, "29": {"execution_time": 0.36199450492858887, "passed": false}}}, "check_style_score": "1/1"}