{"version": "1", "message": "ERROR: Hidden Testcases server unreachable.", "problem_id": "ads2_m16_a1_1", "user_id": "Anisha-Vulli", "score": {"sample": {"0": {"execution_time": 0.5199518203735352, "passed": true}, "1": {"execution_time": 0.5197176933288574, "passed": true}, "2": {"execution_time": 1.1907689571380615, "passed": true}, "3": {"execution_time": 0.9274451732635498, "passed": true}, "4": {"execution_time": 1.0298724174499512, "passed": true}, "5": {"execution_time": 1.014469861984253, "passed": true}, "6": {"execution_time": 0.8874707221984863, "passed": true}, "7": {"execution_time": 0.9363605976104736, "passed": true}, "8": {"execution_time": 0.6598691940307617, "passed": true}, "9": {"execution_time": 1.0184414386749268, "passed": true}, "10": {"execution_time": 0.9121842384338379, "passed": true}, "11": {"execution_time": 5.073038339614868, "passed": true}, "12": {"execution_time": 0.9135971069335938, "passed": true}, "13": {"execution_time": 0.4207432270050049, "passed": true}, "14": {"execution_time": 0.9520094394683838, "passed": true}, "15": {"execution_time": 0.8614308834075928, "passed": true}, "16": {"execution_time": 0.48975324630737305, "passed": true}, "17": {"execution_time": 0.48616957664489746, "passed": true}, "18": {"execution_time": 0.5835433006286621, "passed": true}, "19": {"execution_time": 0.5456440448760986, "passed": true}, "20": {"execution_time": 0.5262932777404785, "passed": true}, "21": {"execution_time": 0.4706084728240967, "passed": true}, "22": {"execution_time": 0.4994018077850342, "passed": true}, "23": {"execution_time": 0.6865458488464355, "passed": true}, "24": {"execution_time": 0.4669969081878662, "passed": true}, "25": {"execution_time": 1.7079405784606934, "passed": true}, "26": {"execution_time": 1.2870898246765137, "passed": true}, "27": {"execution_time": 1.3719651699066162, "passed": true}, "28": {"execution_time": 1.6057965755462646, "passed": true}, "29": {"execution_time": 0.4242713451385498, "passed": true}}}, "check_style_score": "1/1"}