{"version": "1", "message": "ERROR: Hidden Testcases server unreachable.", "problem_id": "ads2_m16_a1_1", "user_id": "Anisha-Vulli", "score": {"sample": {"0": {"execution_time": 0.43782973289489746, "passed": false}, "1": {"execution_time": 0.412308931350708, "passed": false}, "2": {"execution_time": 0.8427369594573975, "passed": false}, "3": {"execution_time": 0.853020191192627, "passed": false}, "4": {"execution_time": 0.8569364547729492, "passed": false}, "5": {"execution_time": 0.832190990447998, "passed": false}, "6": {"execution_time": 0.8771147727966309, "passed": false}, "7": {"execution_time": 0.9254951477050781, "passed": false}, "8": {"execution_time": 0.4812793731689453, "passed": false}, "9": {"execution_time": 0.8441412448883057, "passed": false}, "10": {"execution_time": 0.8313724994659424, "passed": false}, "11": {"execution_time": 0.35572123527526855, "passed": false}, "12": {"execution_time": 0.8543739318847656, "passed": false}, "13": {"execution_time": 0.3677501678466797, "passed": true}, "14": {"execution_time": 0.8318634033203125, "passed": false}, "15": {"execution_time": 0.8255343437194824, "passed": false}, "16": {"execution_time": 0.44452714920043945, "passed": false}, "17": {"execution_time": 0.46463680267333984, "passed": true}, "18": {"execution_time": 0.47699522972106934, "passed": false}, "19": {"execution_time": 0.5311558246612549, "passed": false}, "20": {"execution_time": 0.47267651557922363, "passed": false}, "21": {"execution_time": 0.4084305763244629, "passed": false}, "22": {"execution_time": 0.4696497917175293, "passed": false}, "23": {"execution_time": 0.5261044502258301, "passed": false}, "24": {"execution_time": 0.40442347526550293, "passed": true}, "25": {"execution_time": 0.9615392684936523, "passed": false}, "26": {"execution_time": 0.9184961318969727, "passed": false}, "27": {"execution_time": 0.9629278182983398, "passed": false}, "28": {"execution_time": 1.4629926681518555, "passed": false}, "29": {"execution_time": 0.3929324150085449, "passed": false}}}, "check_style_score": "1/1"}