{"version": "1", "message": "ERROR: Hidden Testcases server unreachable.", "problem_id": "ads2_m16_a1_1", "user_id": "Anisha-Vulli", "score": {"sample": {"0": {"execution_time": 0.40624022483825684, "passed": true}, "1": {"execution_time": 0.44786930084228516, "passed": true}, "2": {"execution_time": 0.7884054183959961, "passed": true}, "3": {"execution_time": 0.8201427459716797, "passed": true}, "4": {"execution_time": 0.85282301902771, "passed": true}, "5": {"execution_time": 0.8041830062866211, "passed": true}, "6": {"execution_time": 0.8374626636505127, "passed": true}, "7": {"execution_time": 0.8201837539672852, "passed": true}, "8": {"execution_time": 0.5302069187164307, "passed": true}, "9": {"execution_time": 0.819739818572998, "passed": true}, "10": {"execution_time": 0.8375561237335205, "passed": true}, "11": {"execution_time": 4.927516460418701, "passed": true}, "12": {"execution_time": 0.8414793014526367, "passed": true}, "13": {"execution_time": 0.41288161277770996, "passed": true}, "14": {"execution_time": 0.7904191017150879, "passed": true}, "15": {"execution_time": 1.0899043083190918, "passed": true}, "16": {"execution_time": 0.5303905010223389, "passed": true}, "17": {"execution_time": 0.6173272132873535, "passed": true}, "18": {"execution_time": 0.513197660446167, "passed": true}, "19": {"execution_time": 0.4831690788269043, "passed": true}, "20": {"execution_time": 0.540992259979248, "passed": true}, "21": {"execution_time": 0.6221818923950195, "passed": true}, "22": {"execution_time": 0.511652946472168, "passed": true}, "23": {"execution_time": 0.5171287059783936, "passed": true}, "24": {"execution_time": 0.4050302505493164, "passed": true}, "25": {"execution_time": 1.0401854515075684, "passed": true}, "26": {"execution_time": 0.8101565837860107, "passed": true}, "27": {"execution_time": 1.0072784423828125, "passed": true}, "28": {"execution_time": 1.3887805938720703, "passed": true}, "29": {"execution_time": 0.3859691619873047, "passed": true}}}, "check_style_score": "0/1"}