{"version": "1", "message": "ERROR: Hidden Testcases server unreachable.", "problem_id": "ads2_m16_a1_1", "user_id": "Anisha-Vulli", "score": {"sample": {"0": {"execution_time": 0.47173023223876953, "passed": false}, "1": {"execution_time": 0.4497716426849365, "passed": false}, "2": {"execution_time": 0.9544093608856201, "passed": false}, "3": {"execution_time": 1.0501482486724854, "passed": false}, "4": {"execution_time": 1.0490410327911377, "passed": false}, "5": {"execution_time": 1.0453271865844727, "passed": false}, "6": {"execution_time": 1.0553977489471436, "passed": false}, "7": {"execution_time": 1.0473358631134033, "passed": false}, "8": {"execution_time": 0.5087127685546875, "passed": false}, "9": {"execution_time": 1.0443980693817139, "passed": false}, "10": {"execution_time": 1.050771951675415, "passed": false}, "11": {"execution_time": 0.3923776149749756, "passed": false}, "12": {"execution_time": 0.9056973457336426, "passed": false}, "13": {"execution_time": 0.4227588176727295, "passed": true}, "14": {"execution_time": 1.0414061546325684, "passed": false}, "15": {"execution_time": 1.050248622894287, "passed": false}, "16": {"execution_time": 0.4957244396209717, "passed": false}, "17": {"execution_time": 0.5037374496459961, "passed": false}, "18": {"execution_time": 0.492717981338501, "passed": false}, "19": {"execution_time": 0.49972081184387207, "passed": false}, "20": {"execution_time": 0.5007414817810059, "passed": false}, "21": {"execution_time": 0.5007138252258301, "passed": false}, "22": {"execution_time": 0.4890608787536621, "passed": false}, "23": {"execution_time": 0.5007138252258301, "passed": false}, "24": {"execution_time": 0.3763761520385742, "passed": true}, "25": {"execution_time": 1.0873780250549316, "passed": false}, "26": {"execution_time": 1.1688339710235596, "passed": false}, "27": {"execution_time": 1.5021414756774902, "passed": false}, "28": {"execution_time": 1.3699450492858887, "passed": false}, "29": {"execution_time": 0.38883256912231445, "passed": true}}}, "check_style_score": "0/1"}