{"version": "1", "message": "ERROR: Hidden Testcases server unreachable.", "problem_id": "ads2_m16_a1_1", "user_id": "Anisha-Vulli", "score": {"sample": {"0": {"execution_time": 0.4387490749359131, "passed": true}, "1": {"execution_time": 0.39377331733703613, "passed": true}, "2": {"execution_time": 0.7916102409362793, "passed": true}, "3": {"execution_time": 0.792522668838501, "passed": true}, "4": {"execution_time": 0.8215606212615967, "passed": true}, "5": {"execution_time": 0.813591480255127, "passed": true}, "6": {"execution_time": 0.7966043949127197, "passed": true}, "7": {"execution_time": 0.8105578422546387, "passed": true}, "8": {"execution_time": 0.4648008346557617, "passed": true}, "9": {"execution_time": 0.7986593246459961, "passed": true}, "10": {"execution_time": 0.8028035163879395, "passed": true}, "11": {"execution_time": 4.757848501205444, "passed": true}, "12": {"execution_time": 0.8076424598693848, "passed": true}, "13": {"execution_time": 0.35186004638671875, "passed": true}, "14": {"execution_time": 0.7936489582061768, "passed": true}, "15": {"execution_time": 0.8125903606414795, "passed": true}, "16": {"execution_time": 0.43179941177368164, "passed": true}, "17": {"execution_time": 0.4648251533508301, "passed": true}, "18": {"execution_time": 0.4597640037536621, "passed": true}, "19": {"execution_time": 0.47775793075561523, "passed": true}, "20": {"execution_time": 0.5037369728088379, "passed": true}, "21": {"execution_time": 0.45060205459594727, "passed": true}, "22": {"execution_time": 0.4397695064544678, "passed": true}, "23": {"execution_time": 0.4677619934082031, "passed": true}, "24": {"execution_time": 0.32580065727233887, "passed": true}, "25": {"execution_time": 1.011469841003418, "passed": true}, "26": {"execution_time": 0.8195958137512207, "passed": true}, "27": {"execution_time": 1.0094544887542725, "passed": true}, "28": {"execution_time": 1.3384525775909424, "passed": true}, "29": {"execution_time": 0.33383798599243164, "passed": true}}}, "check_style_score": "0/1"}