{"version": "1", "message": "ERROR: Hidden Testcases server unreachable.", "problem_id": "ads2_m16_a1_1", "user_id": "Anisha-Vulli", "score": {"sample": {"0": {"execution_time": 0.41927194595336914, "passed": true}, "1": {"execution_time": 0.4707798957824707, "passed": true}, "2": {"execution_time": 0.8738722801208496, "passed": true}, "3": {"execution_time": 0.8310296535491943, "passed": true}, "4": {"execution_time": 0.8500239849090576, "passed": true}, "5": {"execution_time": 0.8799526691436768, "passed": true}, "6": {"execution_time": 0.8895752429962158, "passed": true}, "7": {"execution_time": 0.8763718605041504, "passed": true}, "8": {"execution_time": 0.5430171489715576, "passed": true}, "9": {"execution_time": 0.8387782573699951, "passed": true}, "10": {"execution_time": 0.832672119140625, "passed": true}, "11": {"execution_time": 4.840824127197266, "passed": true}, "12": {"execution_time": 0.8909564018249512, "passed": true}, "13": {"execution_time": 0.39201855659484863, "passed": true}, "14": {"execution_time": 0.8528995513916016, "passed": true}, "15": {"execution_time": 0.8637096881866455, "passed": true}, "16": {"execution_time": 0.5099613666534424, "passed": true}, "17": {"execution_time": 0.5197393894195557, "passed": true}, "18": {"execution_time": 0.5110535621643066, "passed": true}, "19": {"execution_time": 0.49706578254699707, "passed": true}, "20": {"execution_time": 0.5337460041046143, "passed": true}, "21": {"execution_time": 0.49008750915527344, "passed": true}, "22": {"execution_time": 0.49057865142822266, "passed": true}, "23": {"execution_time": 0.46245789527893066, "passed": true}, "24": {"execution_time": 0.350543737411499, "passed": true}, "25": {"execution_time": 1.0772955417633057, "passed": true}, "26": {"execution_time": 0.8321743011474609, "passed": true}, "27": {"execution_time": 1.0668964385986328, "passed": true}, "28": {"execution_time": 1.3793833255767822, "passed": true}, "29": {"execution_time": 0.3604574203491211, "passed": true}}}, "check_style_score": "0/1"}