{"version": "1", "message": "ERROR: Hidden Testcases server unreachable.", "problem_id": "ads2_m16_a1_1", "user_id": "Anisha-Vulli", "score": {"sample": {"0": {"execution_time": 0.4437525272369385, "passed": false}, "1": {"execution_time": 0.4286940097808838, "passed": false}, "2": {"execution_time": 0.905902624130249, "passed": false}, "3": {"execution_time": 0.8310136795043945, "passed": false}, "4": {"execution_time": 0.8899402618408203, "passed": false}, "5": {"execution_time": 0.85256028175354, "passed": false}, "6": {"execution_time": 0.8612339496612549, "passed": false}, "7": {"execution_time": 0.884324312210083, "passed": false}, "8": {"execution_time": 0.4675788879394531, "passed": false}, "9": {"execution_time": 0.8586575984954834, "passed": false}, "10": {"execution_time": 0.8730545043945312, "passed": false}, "11": {"execution_time": 0.35250043869018555, "passed": false}, "12": {"execution_time": 0.9781038761138916, "passed": false}, "13": {"execution_time": 0.4003934860229492, "passed": false}, "14": {"execution_time": 0.9197056293487549, "passed": false}, "15": {"execution_time": 0.9678330421447754, "passed": false}, "16": {"execution_time": 0.4146296977996826, "passed": false}, "17": {"execution_time": 0.5063793659210205, "passed": false}, "18": {"execution_time": 0.46377110481262207, "passed": false}, "19": {"execution_time": 0.4584972858428955, "passed": false}, "20": {"execution_time": 0.45040059089660645, "passed": false}, "21": {"execution_time": 0.4729647636413574, "passed": false}, "22": {"execution_time": 0.46497273445129395, "passed": false}, "23": {"execution_time": 0.5142982006072998, "passed": false}, "24": {"execution_time": 0.3428831100463867, "passed": false}, "25": {"execution_time": 0.8621718883514404, "passed": false}, "26": {"execution_time": 0.8813736438751221, "passed": false}, "27": {"execution_time": 1.0140855312347412, "passed": false}, "28": {"execution_time": 1.4592130184173584, "passed": false}, "29": {"execution_time": 0.43471288681030273, "passed": true}}}, "check_style_score": "0/1"}