{"version": "1", "message": "ERROR: Hidden Testcases server unreachable.", "problem_id": "ads2_m16_a1_1", "user_id": "Anisha-Vulli", "score": {"sample": {"0": {"execution_time": 0.43035244941711426, "passed": true}, "1": {"execution_time": 0.39696431159973145, "passed": true}, "2": {"execution_time": 0.7798347473144531, "passed": true}, "3": {"execution_time": 0.7846441268920898, "passed": true}, "4": {"execution_time": 0.7670631408691406, "passed": true}, "5": {"execution_time": 0.8104071617126465, "passed": true}, "6": {"execution_time": 0.809701681137085, "passed": true}, "7": {"execution_time": 0.7769753932952881, "passed": true}, "8": {"execution_time": 0.448214054107666, "passed": true}, "9": {"execution_time": 0.7986104488372803, "passed": true}, "10": {"execution_time": 0.7990641593933105, "passed": true}, "11": {"execution_time": 4.645127296447754, "passed": true}, "12": {"execution_time": 0.8556432723999023, "passed": true}, "13": {"execution_time": 0.37248659133911133, "passed": true}, "14": {"execution_time": 0.7747898101806641, "passed": true}, "15": {"execution_time": 0.8282289505004883, "passed": true}, "16": {"execution_time": 0.4501328468322754, "passed": true}, "17": {"execution_time": 0.48929691314697266, "passed": true}, "18": {"execution_time": 0.45353078842163086, "passed": true}, "19": {"execution_time": 0.49766016006469727, "passed": true}, "20": {"execution_time": 0.5014240741729736, "passed": true}, "21": {"execution_time": 0.4656672477722168, "passed": true}, "22": {"execution_time": 0.45069098472595215, "passed": true}, "23": {"execution_time": 0.45522236824035645, "passed": true}, "24": {"execution_time": 0.3046145439147949, "passed": true}, "25": {"execution_time": 1.0794858932495117, "passed": true}, "26": {"execution_time": 0.7816307544708252, "passed": true}, "27": {"execution_time": 1.0112202167510986, "passed": true}, "28": {"execution_time": 1.3871097564697266, "passed": true}, "29": {"execution_time": 0.3328220844268799, "passed": true}}}, "check_style_score": "0/1"}