{"version": "1", "message": "ERROR: Hidden Testcases server unreachable.", "problem_id": "ads2_m16_a1_1", "user_id": "Anisha-Vulli", "score": {"sample": {"0": {"execution_time": 0.45390963554382324, "passed": true}, "1": {"execution_time": 0.40190887451171875, "passed": true}, "2": {"execution_time": 0.8230173587799072, "passed": true}, "3": {"execution_time": 0.8200387954711914, "passed": true}, "4": {"execution_time": 0.8217484951019287, "passed": true}, "5": {"execution_time": 0.8796119689941406, "passed": true}, "6": {"execution_time": 0.8901703357696533, "passed": true}, "7": {"execution_time": 0.8283429145812988, "passed": true}, "8": {"execution_time": 0.5064618587493896, "passed": true}, "9": {"execution_time": 0.8321921825408936, "passed": true}, "10": {"execution_time": 0.8542335033416748, "passed": true}, "11": {"execution_time": 4.862701654434204, "passed": true}, "12": {"execution_time": 0.8200118541717529, "passed": true}, "13": {"execution_time": 0.3660609722137451, "passed": true}, "14": {"execution_time": 0.7818148136138916, "passed": true}, "15": {"execution_time": 0.840191125869751, "passed": true}, "16": {"execution_time": 0.4634978771209717, "passed": true}, "17": {"execution_time": 0.45360231399536133, "passed": true}, "18": {"execution_time": 0.45272302627563477, "passed": true}, "19": {"execution_time": 0.4575507640838623, "passed": true}, "20": {"execution_time": 0.48711133003234863, "passed": true}, "21": {"execution_time": 0.43895697593688965, "passed": true}, "22": {"execution_time": 0.46570253372192383, "passed": true}, "23": {"execution_time": 0.4799997806549072, "passed": true}, "24": {"execution_time": 0.3199427127838135, "passed": true}, "25": {"execution_time": 1.09218168258667, "passed": true}, "26": {"execution_time": 0.8065483570098877, "passed": true}, "27": {"execution_time": 1.0510692596435547, "passed": true}, "28": {"execution_time": 1.4518241882324219, "passed": true}, "29": {"execution_time": 0.49269580841064453, "passed": true}}}, "check_style_score": "0/1"}