{"version": "1", "message": "ERROR: Hidden Testcases server unreachable.", "problem_id": "ads2_m16_a1_1", "user_id": "Anisha-Vulli", "score": {"sample": {"0": {"execution_time": 0.6907367706298828, "passed": true}, "1": {"execution_time": 0.5974216461181641, "passed": true}, "2": {"execution_time": 0.8706996440887451, "passed": true}, "3": {"execution_time": 0.9332790374755859, "passed": true}, "4": {"execution_time": 0.8686044216156006, "passed": true}, "5": {"execution_time": 0.9266254901885986, "passed": true}, "6": {"execution_time": 0.8965938091278076, "passed": true}, "7": {"execution_time": 0.8959982395172119, "passed": true}, "8": {"execution_time": 0.5264277458190918, "passed": true}, "9": {"execution_time": 1.072613000869751, "passed": true}, "10": {"execution_time": 1.1425163745880127, "passed": true}, "11": {"execution_time": 6.079558610916138, "passed": true}, "12": {"execution_time": 0.9875369071960449, "passed": true}, "13": {"execution_time": 0.41340184211730957, "passed": true}, "14": {"execution_time": 0.8940169811248779, "passed": true}, "15": {"execution_time": 1.1066269874572754, "passed": true}, "16": {"execution_time": 0.5377728939056396, "passed": true}, "17": {"execution_time": 0.4845771789550781, "passed": true}, "18": {"execution_time": 0.4920070171356201, "passed": true}, "19": {"execution_time": 0.5189201831817627, "passed": true}, "20": {"execution_time": 0.5466971397399902, "passed": true}, "21": {"execution_time": 0.5156359672546387, "passed": true}, "22": {"execution_time": 0.4997591972351074, "passed": true}, "23": {"execution_time": 0.5211639404296875, "passed": true}, "24": {"execution_time": 0.37079524993896484, "passed": true}, "25": {"execution_time": 1.1046230792999268, "passed": true}, "26": {"execution_time": 0.8643522262573242, "passed": true}, "27": {"execution_time": 1.165602207183838, "passed": true}, "28": {"execution_time": 1.5328986644744873, "passed": true}, "29": {"execution_time": 0.3574388027191162, "passed": true}}}, "check_style_score": "0/1"}