{"version": "1", "message": "ERROR: Hidden Testcases server unreachable.", "problem_id": "ads2_m16_a1_1", "user_id": "Anisha-Vulli", "score": {"sample": {"0": {"execution_time": 0.4399259090423584, "passed": true}, "1": {"execution_time": 0.4167327880859375, "passed": true}, "2": {"execution_time": 0.8983216285705566, "passed": true}, "3": {"execution_time": 0.9084939956665039, "passed": true}, "4": {"execution_time": 0.8833255767822266, "passed": true}, "5": {"execution_time": 0.9521582126617432, "passed": true}, "6": {"execution_time": 0.8872032165527344, "passed": true}, "7": {"execution_time": 0.8973004817962646, "passed": true}, "8": {"execution_time": 0.5536806583404541, "passed": true}, "9": {"execution_time": 0.9004950523376465, "passed": true}, "10": {"execution_time": 0.8777406215667725, "passed": true}, "11": {"execution_time": 4.959814548492432, "passed": true}, "12": {"execution_time": 0.9127404689788818, "passed": true}, "13": {"execution_time": 0.40370655059814453, "passed": true}, "14": {"execution_time": 0.8507728576660156, "passed": true}, "15": {"execution_time": 0.8913350105285645, "passed": true}, "16": {"execution_time": 0.502091646194458, "passed": true}, "17": {"execution_time": 0.5171518325805664, "passed": true}, "18": {"execution_time": 0.5082478523254395, "passed": true}, "19": {"execution_time": 0.5171844959259033, "passed": true}, "20": {"execution_time": 0.553551197052002, "passed": true}, "21": {"execution_time": 0.5076737403869629, "passed": true}, "22": {"execution_time": 0.4977118968963623, "passed": true}, "23": {"execution_time": 0.5231056213378906, "passed": true}, "24": {"execution_time": 0.39183735847473145, "passed": true}, "25": {"execution_time": 1.0893304347991943, "passed": true}, "26": {"execution_time": 0.9174046516418457, "passed": true}, "27": {"execution_time": 1.1410808563232422, "passed": true}, "28": {"execution_time": 1.4765844345092773, "passed": true}, "29": {"execution_time": 0.3632376194000244, "passed": true}}}, "check_style_score": "1/1"}