{"version": "1", "message": "ERROR: Hidden Testcases server unreachable.", "problem_id": "ads2_m16_a1_1", "user_id": "Anisha-Vulli", "score": {"sample": {"0": {"execution_time": 0.4002351760864258, "passed": false}, "1": {"execution_time": 0.3671259880065918, "passed": false}, "2": {"execution_time": 0.8199784755706787, "passed": false}, "3": {"execution_time": 0.8736886978149414, "passed": false}, "4": {"execution_time": 0.878204345703125, "passed": false}, "5": {"execution_time": 0.8901395797729492, "passed": false}, "6": {"execution_time": 0.8496932983398438, "passed": false}, "7": {"execution_time": 0.9172086715698242, "passed": false}, "8": {"execution_time": 0.5067710876464844, "passed": false}, "9": {"execution_time": 0.8298642635345459, "passed": false}, "10": {"execution_time": 0.8547763824462891, "passed": false}, "11": {"execution_time": 0.359175443649292, "passed": false}, "12": {"execution_time": 0.890070915222168, "passed": false}, "13": {"execution_time": 0.38382983207702637, "passed": true}, "14": {"execution_time": 0.8843743801116943, "passed": false}, "15": {"execution_time": 0.8591604232788086, "passed": false}, "16": {"execution_time": 0.48946547508239746, "passed": false}, "17": {"execution_time": 0.4840700626373291, "passed": false}, "18": {"execution_time": 0.4790973663330078, "passed": false}, "19": {"execution_time": 0.4770529270172119, "passed": false}, "20": {"execution_time": 0.4608631134033203, "passed": false}, "21": {"execution_time": 0.46041131019592285, "passed": false}, "22": {"execution_time": 0.4664890766143799, "passed": false}, "23": {"execution_time": 0.4958069324493408, "passed": false}, "24": {"execution_time": 0.34272313117980957, "passed": true}, "25": {"execution_time": 0.864234447479248, "passed": false}, "26": {"execution_time": 0.7404556274414062, "passed": false}, "27": {"execution_time": 0.8686857223510742, "passed": false}, "28": {"execution_time": 1.3589308261871338, "passed": false}, "29": {"execution_time": 0.40700483322143555, "passed": true}}}, "check_style_score": "0/1"}