{"version": "1", "message": "ERROR: Hidden Testcases server unreachable.", "problem_id": "ads2_m16_a1_1", "user_id": "Anisha-Vulli", "score": {"sample": {"0": {"execution_time": 0.41702771186828613, "passed": false}, "1": {"execution_time": 0.405902624130249, "passed": false}, "2": {"execution_time": 0.8065626621246338, "passed": false}, "3": {"execution_time": 0.9180669784545898, "passed": false}, "4": {"execution_time": 0.8787856101989746, "passed": false}, "5": {"execution_time": 0.8367447853088379, "passed": false}, "6": {"execution_time": 0.8163602352142334, "passed": false}, "7": {"execution_time": 0.8283710479736328, "passed": false}, "8": {"execution_time": 0.4863266944885254, "passed": false}, "9": {"execution_time": 0.8318397998809814, "passed": false}, "10": {"execution_time": 0.8159277439117432, "passed": false}, "11": {"execution_time": 0.35547876358032227, "passed": false}, "12": {"execution_time": 0.8072834014892578, "passed": false}, "13": {"execution_time": 0.42110228538513184, "passed": true}, "14": {"execution_time": 0.8619089126586914, "passed": false}, "15": {"execution_time": 0.8471393585205078, "passed": false}, "16": {"execution_time": 0.46691250801086426, "passed": false}, "17": {"execution_time": 0.49870967864990234, "passed": true}, "18": {"execution_time": 0.45539188385009766, "passed": false}, "19": {"execution_time": 0.4846479892730713, "passed": false}, "20": {"execution_time": 0.4750523567199707, "passed": false}, "21": {"execution_time": 0.45528674125671387, "passed": false}, "22": {"execution_time": 0.4740724563598633, "passed": false}, "23": {"execution_time": 0.5031626224517822, "passed": false}, "24": {"execution_time": 0.4077644348144531, "passed": true}, "25": {"execution_time": 0.9728298187255859, "passed": false}, "26": {"execution_time": 0.7156248092651367, "passed": false}, "27": {"execution_time": 0.8211603164672852, "passed": false}, "28": {"execution_time": 1.2922916412353516, "passed": false}, "29": {"execution_time": 0.36257433891296387, "passed": true}}}, "check_style_score": "0/1"}