{"version": "1", "message": "ERROR: Hidden Testcases server unreachable.", "problem_id": "ads2_m6_a1_1", "user_id": "Anisha-Vulli", "score": {"sample": {"0": {"execution_time": 0.42661142349243164, "passed": false}, "1": {"execution_time": 0.38492774963378906, "passed": false}, "2": {"execution_time": 0.3829822540283203, "passed": false}, "3": {"execution_time": 0.4074220657348633, "passed": false}, "4": {"execution_time": 0.5869936943054199, "passed": false}, "5": {"execution_time": 0.448333740234375, "passed": false}, "6": {"execution_time": 0.40522027015686035, "passed": true}, "7": {"execution_time": 0.3921995162963867, "passed": false}, "8": {"execution_time": 0.431412935256958, "passed": true}, "9": {"execution_time": 0.40259313583374023, "passed": false}, "10": {"execution_time": 0.43635010719299316, "passed": false}, "11": {"execution_time": 0.44652771949768066, "passed": false}}}, "check_style_score": "0/1"}