{"version": "1", "message": "ERROR: Hidden Testcases server unreachable.", "problem_id": "ads2_m6_a1_1", "user_id": "Anisha-Vulli", "score": {"sample": {"0": {"execution_time": 0.43273234367370605, "passed": false}, "1": {"execution_time": 0.40688490867614746, "passed": false}, "2": {"execution_time": 0.42006349563598633, "passed": false}, "3": {"execution_time": 0.43325018882751465, "passed": false}, "4": {"execution_time": 0.4306046962738037, "passed": false}, "5": {"execution_time": 0.4368290901184082, "passed": true}, "6": {"execution_time": 0.4064490795135498, "passed": true}, "7": {"execution_time": 0.44098830223083496, "passed": false}, "8": {"execution_time": 0.42395710945129395, "passed": true}, "9": {"execution_time": 0.4164917469024658, "passed": false}, "10": {"execution_time": 0.3922576904296875, "passed": true}, "11": {"execution_time": 0.4501678943634033, "passed": false}}}, "check_style_score": "0/1"}