{"version": "1", "message": "ERROR: Hidden Testcases server unreachable.", "problem_id": "ads2_m6_a1_1", "user_id": "Anisha-Vulli", "score": {"sample": {"0": {"execution_time": 0.3874390125274658, "passed": false}, "1": {"execution_time": 0.39731407165527344, "passed": false}, "2": {"execution_time": 0.37417006492614746, "passed": false}, "3": {"execution_time": 0.37255287170410156, "passed": false}, "4": {"execution_time": 0.35959482192993164, "passed": false}, "5": {"execution_time": 0.3765146732330322, "passed": false}, "6": {"execution_time": 0.33704447746276855, "passed": true}, "7": {"execution_time": 0.3422825336456299, "passed": false}, "8": {"execution_time": 0.33178186416625977, "passed": true}, "9": {"execution_time": 0.34998559951782227, "passed": false}, "10": {"execution_time": 0.35599684715270996, "passed": false}, "11": {"execution_time": 0.3585488796234131, "passed": false}}}, "check_style_score": "0/1"}