{"version": "1", "message": "ERROR: Hidden Testcases server unreachable.", "problem_id": "ads2_m6_a1_1", "user_id": "Anisha-Vulli", "score": {"sample": {"0": {"execution_time": 0.4086778163909912, "passed": false}, "1": {"execution_time": 0.4175417423248291, "passed": false}, "2": {"execution_time": 0.5021922588348389, "passed": false}, "3": {"execution_time": 0.4009890556335449, "passed": false}, "4": {"execution_time": 0.3711831569671631, "passed": false}, "5": {"execution_time": 0.38654041290283203, "passed": false}, "6": {"execution_time": 0.5048282146453857, "passed": true}, "7": {"execution_time": 0.4600033760070801, "passed": false}, "8": {"execution_time": 0.417710542678833, "passed": true}, "9": {"execution_time": 0.3947443962097168, "passed": false}, "10": {"execution_time": 0.37407565116882324, "passed": false}, "11": {"execution_time": 0.44472289085388184, "passed": false}}}, "check_style_score": "0/1"}