{"version": "1", "message": "ERROR: Hidden Testcases server unreachable.", "problem_id": "ads2_m6_a1_1", "user_id": "Anisha-Vulli", "score": {"sample": {"0": {"execution_time": 0.4020211696624756, "passed": false}, "1": {"execution_time": 0.4679875373840332, "passed": false}, "2": {"execution_time": 0.39812517166137695, "passed": false}, "3": {"execution_time": 0.45964503288269043, "passed": false}, "4": {"execution_time": 0.45444655418395996, "passed": false}, "5": {"execution_time": 0.413468599319458, "passed": false}, "6": {"execution_time": 0.43210291862487793, "passed": false}, "7": {"execution_time": 0.41265320777893066, "passed": false}, "8": {"execution_time": 0.4443504810333252, "passed": false}, "9": {"execution_time": 0.4520294666290283, "passed": false}, "10": {"execution_time": 0.39066147804260254, "passed": false}, "11": {"execution_time": 0.43599891662597656, "passed": false}}}, "check_style_score": "0/1"}