{"version": "1", "message": "ERROR: Hidden Testcases server unreachable.", "problem_id": "ads2_m6_a1_1", "user_id": "Anisha-Vulli", "score": {"sample": {"0": {"execution_time": 0.40084075927734375, "passed": false}, "1": {"execution_time": 0.39727258682250977, "passed": false}, "2": {"execution_time": 0.4167914390563965, "passed": false}, "3": {"execution_time": 0.4537477493286133, "passed": false}, "4": {"execution_time": 0.430753231048584, "passed": false}, "5": {"execution_time": 0.46091651916503906, "passed": true}, "6": {"execution_time": 0.3947744369506836, "passed": true}, "7": {"execution_time": 0.4307537078857422, "passed": false}, "8": {"execution_time": 0.41878342628479004, "passed": true}, "9": {"execution_time": 0.43375444412231445, "passed": false}, "10": {"execution_time": 0.39273762702941895, "passed": true}, "11": {"execution_time": 0.49771642684936523, "passed": false}}}, "check_style_score": "0/1"}