{"version": "1", "message": "ERROR: Hidden Testcases server unreachable.", "problem_id": "ads2_m6_a1_1", "user_id": "Anisha-Vulli", "score": {"sample": {"0": {"execution_time": 0.4974989891052246, "passed": false}, "1": {"execution_time": 0.4661142826080322, "passed": false}, "2": {"execution_time": 0.4609687328338623, "passed": false}, "3": {"execution_time": 0.4500391483306885, "passed": false}, "4": {"execution_time": 0.46718716621398926, "passed": true}, "5": {"execution_time": 0.5339565277099609, "passed": false}, "6": {"execution_time": 0.46010303497314453, "passed": true}, "7": {"execution_time": 0.44924235343933105, "passed": false}, "8": {"execution_time": 0.4852416515350342, "passed": true}, "9": {"execution_time": 0.46990275382995605, "passed": true}, "10": {"execution_time": 0.41875123977661133, "passed": true}, "11": {"execution_time": 0.48966360092163086, "passed": false}}}, "check_style_score": "0/1"}