{"version": "1", "message": "ERROR: Hidden Testcases server unreachable.", "problem_id": "ads2_m6_a1_1", "user_id": "Anisha-Vulli", "score": {"sample": {"0": {"execution_time": 0.3633255958557129, "passed": false}, "1": {"execution_time": 0.3669900894165039, "passed": false}, "2": {"execution_time": 0.3704869747161865, "passed": false}, "3": {"execution_time": 0.42003798484802246, "passed": false}, "4": {"execution_time": 0.37610459327697754, "passed": false}, "5": {"execution_time": 0.3720085620880127, "passed": false}, "6": {"execution_time": 0.3809792995452881, "passed": true}, "7": {"execution_time": 0.3708763122558594, "passed": false}, "8": {"execution_time": 0.369243860244751, "passed": true}, "9": {"execution_time": 0.38489866256713867, "passed": false}, "10": {"execution_time": 0.37825727462768555, "passed": true}, "11": {"execution_time": 0.37213993072509766, "passed": false}}}, "check_style_score": "0/1"}