{"version": "1", "message": "ERROR: Hidden Testcases server unreachable.", "problem_id": "ads2_m6_a1_1", "user_id": "Anisha-Vulli", "score": {"sample": {"0": {"execution_time": 0.36536526679992676, "passed": false}, "1": {"execution_time": 0.36080408096313477, "passed": false}, "2": {"execution_time": 0.34102678298950195, "passed": false}, "3": {"execution_time": 0.3522038459777832, "passed": false}, "4": {"execution_time": 0.34163784980773926, "passed": false}, "5": {"execution_time": 0.3576521873474121, "passed": false}, "6": {"execution_time": 0.3381166458129883, "passed": true}, "7": {"execution_time": 0.35887932777404785, "passed": false}, "8": {"execution_time": 0.3133065700531006, "passed": true}, "9": {"execution_time": 0.3733375072479248, "passed": false}, "10": {"execution_time": 0.35791683197021484, "passed": false}, "11": {"execution_time": 0.37651991844177246, "passed": false}}}, "check_style_score": "0/1"}