{"version": "1", "message": "ERROR: Hidden Testcases server unreachable.", "problem_id": "ads2_m6_a1_1", "user_id": "Anisha-Vulli", "score": {"sample": {"0": {"execution_time": 0.35195446014404297, "passed": false}, "1": {"execution_time": 0.3607628345489502, "passed": false}, "2": {"execution_time": 0.342623233795166, "passed": false}, "3": {"execution_time": 0.3577737808227539, "passed": false}, "4": {"execution_time": 0.38291001319885254, "passed": false}, "5": {"execution_time": 0.5136983394622803, "passed": false}, "6": {"execution_time": 0.36252331733703613, "passed": false}, "7": {"execution_time": 0.4613661766052246, "passed": false}, "8": {"execution_time": 0.361544132232666, "passed": false}, "9": {"execution_time": 0.3464546203613281, "passed": false}, "10": {"execution_time": 0.3935704231262207, "passed": false}, "11": {"execution_time": 0.4221322536468506, "passed": false}}}, "check_style_score": "0/1"}