{"version": "1", "message": "ERROR: Hidden Testcases server unreachable.", "problem_id": "ads2_m6_a1_1", "user_id": "Anisha-Vulli", "score": {"sample": {"0": {"execution_time": 0.3799400329589844, "passed": false}, "1": {"execution_time": 0.38489437103271484, "passed": false}, "2": {"execution_time": 0.36863112449645996, "passed": false}, "3": {"execution_time": 0.4002084732055664, "passed": false}, "4": {"execution_time": 0.4365246295928955, "passed": false}, "5": {"execution_time": 0.33358001708984375, "passed": false}, "6": {"execution_time": 0.3495297431945801, "passed": true}, "7": {"execution_time": 0.3812394142150879, "passed": false}, "8": {"execution_time": 0.40992259979248047, "passed": true}, "9": {"execution_time": 0.36039018630981445, "passed": false}, "10": {"execution_time": 0.3769197463989258, "passed": true}, "11": {"execution_time": 0.3960902690887451, "passed": false}}}, "check_style_score": "0/1"}