{"version": "1", "message": "ERROR: Hidden Testcases server unreachable.", "problem_id": "ads2_m6_a1_1", "user_id": "Anisha-Vulli", "score": {"sample": {"0": {"execution_time": 0.36525988578796387, "passed": false}, "1": {"execution_time": 0.3575263023376465, "passed": false}, "2": {"execution_time": 0.32941508293151855, "passed": false}, "3": {"execution_time": 0.3886535167694092, "passed": false}, "4": {"execution_time": 0.3167555332183838, "passed": false}, "5": {"execution_time": 0.3513481616973877, "passed": false}, "6": {"execution_time": 0.3478727340698242, "passed": true}, "7": {"execution_time": 0.3566734790802002, "passed": false}, "8": {"execution_time": 0.32647228240966797, "passed": true}, "9": {"execution_time": 0.3421502113342285, "passed": false}, "10": {"execution_time": 0.34867262840270996, "passed": false}, "11": {"execution_time": 0.3635139465332031, "passed": false}}}, "check_style_score": "0/1"}