{"version": "1", "message": "ERROR: Hidden Testcases server unreachable.", "problem_id": "ads2_m6_a1_1", "user_id": "Anisha-Vulli", "score": {"sample": {"0": {"execution_time": 0.4713270664215088, "passed": false}, "1": {"execution_time": 0.3542299270629883, "passed": false}, "2": {"execution_time": 0.4083552360534668, "passed": false}, "3": {"execution_time": 0.3730590343475342, "passed": false}, "4": {"execution_time": 0.7872416973114014, "passed": false}, "5": {"execution_time": 0.3658435344696045, "passed": false}, "6": {"execution_time": 0.3973696231842041, "passed": true}, "7": {"execution_time": 0.39171695709228516, "passed": false}, "8": {"execution_time": 0.3886122703552246, "passed": true}, "9": {"execution_time": 0.3971385955810547, "passed": false}, "10": {"execution_time": 0.35202479362487793, "passed": true}, "11": {"execution_time": 0.35961031913757324, "passed": false}}}, "check_style_score": "0/1"}