{"version": "1", "message": "ERROR: Hidden Testcases server unreachable.", "problem_id": "ads2_m6_a1_1", "user_id": "Anisha-Vulli", "score": {"sample": {"0": {"execution_time": 0.34656262397766113, "passed": false}, "1": {"execution_time": 0.34513282775878906, "passed": false}, "2": {"execution_time": 0.34534120559692383, "passed": false}, "3": {"execution_time": 0.35947108268737793, "passed": false}, "4": {"execution_time": 0.37558770179748535, "passed": false}, "5": {"execution_time": 0.3589670658111572, "passed": false}, "6": {"execution_time": 0.32648205757141113, "passed": true}, "7": {"execution_time": 0.3685181140899658, "passed": false}, "8": {"execution_time": 0.3431396484375, "passed": true}, "9": {"execution_time": 0.36461806297302246, "passed": false}, "10": {"execution_time": 0.3127579689025879, "passed": false}, "11": {"execution_time": 0.3746147155761719, "passed": false}}}, "check_style_score": "0/1"}