{"version": "1", "message": "ERROR: Hidden Testcases server unreachable.", "problem_id": "ads2_m6_a1_1", "user_id": "Anisha-Vulli", "score": {"sample": {"0": {"execution_time": 0.39414501190185547, "passed": false}, "1": {"execution_time": 0.38711118698120117, "passed": false}, "2": {"execution_time": 0.39133405685424805, "passed": false}, "3": {"execution_time": 0.3978230953216553, "passed": false}, "4": {"execution_time": 0.4304847717285156, "passed": false}, "5": {"execution_time": 0.39703798294067383, "passed": false}, "6": {"execution_time": 0.44518327713012695, "passed": true}, "7": {"execution_time": 0.42645263671875, "passed": false}, "8": {"execution_time": 0.4661381244659424, "passed": true}, "9": {"execution_time": 0.4065370559692383, "passed": false}, "10": {"execution_time": 0.40580201148986816, "passed": false}, "11": {"execution_time": 0.397733211517334, "passed": false}}}, "check_style_score": "0/1"}