{"version": "1", "message": "ERROR: Hidden Testcases server unreachable.", "problem_id": "ads2_m6_a1_1", "user_id": "Anisha-Vulli", "score": {"sample": {"0": {"execution_time": 0.4116785526275635, "passed": false}, "1": {"execution_time": 0.3876504898071289, "passed": false}, "2": {"execution_time": 0.3993105888366699, "passed": false}, "3": {"execution_time": 0.39943408966064453, "passed": false}, "4": {"execution_time": 0.4008595943450928, "passed": false}, "5": {"execution_time": 0.39882326126098633, "passed": false}, "6": {"execution_time": 0.39989137649536133, "passed": true}, "7": {"execution_time": 0.3994412422180176, "passed": false}, "8": {"execution_time": 0.38597655296325684, "passed": true}, "9": {"execution_time": 0.42020630836486816, "passed": false}, "10": {"execution_time": 0.4037158489227295, "passed": false}, "11": {"execution_time": 0.4329714775085449, "passed": false}}}, "check_style_score": "0/1"}