{"version": "1", "message": "ERROR: Hidden Testcases server unreachable.", "problem_id": "ads2_m6_a1_1", "user_id": "Anisha-Vulli", "score": {"sample": {"0": {"execution_time": 0.42431020736694336, "passed": false}, "1": {"execution_time": 0.4002995491027832, "passed": false}, "2": {"execution_time": 0.3815121650695801, "passed": false}, "3": {"execution_time": 0.41603517532348633, "passed": false}, "4": {"execution_time": 0.434067964553833, "passed": false}, "5": {"execution_time": 0.4034900665283203, "passed": false}, "6": {"execution_time": 0.38052988052368164, "passed": true}, "7": {"execution_time": 0.3937215805053711, "passed": false}, "8": {"execution_time": 0.41277098655700684, "passed": true}, "9": {"execution_time": 0.39717888832092285, "passed": false}, "10": {"execution_time": 0.39755892753601074, "passed": false}, "11": {"execution_time": 0.39205193519592285, "passed": false}}}, "check_style_score": "0/1"}