{"version": "1", "message": "ERROR: Hidden Testcases server unreachable.", "problem_id": "ads2_m6_a1_1", "user_id": "Anisha-Vulli", "score": {"sample": {"0": {"execution_time": 0.3565688133239746, "passed": false}, "1": {"execution_time": 0.32933855056762695, "passed": false}, "2": {"execution_time": 0.31652188301086426, "passed": false}, "3": {"execution_time": 0.3549935817718506, "passed": false}, "4": {"execution_time": 0.33229637145996094, "passed": false}, "5": {"execution_time": 0.3571629524230957, "passed": false}, "6": {"execution_time": 0.32288599014282227, "passed": false}, "7": {"execution_time": 0.34571003913879395, "passed": false}, "8": {"execution_time": 0.3506631851196289, "passed": false}, "9": {"execution_time": 0.3500535488128662, "passed": false}, "10": {"execution_time": 0.3224451541900635, "passed": false}, "11": {"execution_time": 0.36797380447387695, "passed": false}}}, "check_style_score": "0/1"}