{"version": "1", "message": "ERROR: Hidden Testcases server unreachable.", "problem_id": "ads2_m6_a1_1", "user_id": "Anisha-Vulli", "score": {"sample": {"0": {"execution_time": 0.39322710037231445, "passed": false}, "1": {"execution_time": 0.34522151947021484, "passed": false}, "2": {"execution_time": 0.40172386169433594, "passed": false}, "3": {"execution_time": 0.3883645534515381, "passed": false}, "4": {"execution_time": 0.37331175804138184, "passed": false}, "5": {"execution_time": 0.35970330238342285, "passed": false}, "6": {"execution_time": 0.3705873489379883, "passed": true}, "7": {"execution_time": 0.3754394054412842, "passed": false}, "8": {"execution_time": 0.3783445358276367, "passed": true}, "9": {"execution_time": 0.37667346000671387, "passed": false}, "10": {"execution_time": 0.35227370262145996, "passed": true}, "11": {"execution_time": 0.34656214714050293, "passed": false}}}, "check_style_score": "0/1"}