{"version": "1", "message": "ERROR: Hidden Testcases server unreachable.", "problem_id": "ads2_m6_a1_1", "user_id": "Anisha-Vulli", "score": {"sample": {"0": {"execution_time": 0.36646008491516113, "passed": false}, "1": {"execution_time": 0.3646535873413086, "passed": false}, "2": {"execution_time": 0.35705065727233887, "passed": false}, "3": {"execution_time": 0.3505525588989258, "passed": false}, "4": {"execution_time": 0.35791516304016113, "passed": false}, "5": {"execution_time": 0.3514242172241211, "passed": false}, "6": {"execution_time": 0.37101197242736816, "passed": true}, "7": {"execution_time": 0.3493075370788574, "passed": false}, "8": {"execution_time": 0.35428476333618164, "passed": true}, "9": {"execution_time": 0.36611366271972656, "passed": false}, "10": {"execution_time": 0.3393995761871338, "passed": false}, "11": {"execution_time": 0.34302473068237305, "passed": false}}}, "check_style_score": "0/1"}