{"version": "1", "message": "ERROR: Hidden Testcases server unreachable.", "problem_id": "ads2_m6_a1_1", "user_id": "Anisha-Vulli", "score": {"sample": {"0": {"execution_time": 0.35593438148498535, "passed": false}, "1": {"execution_time": 0.35829949378967285, "passed": false}, "2": {"execution_time": 0.343064546585083, "passed": false}, "3": {"execution_time": 0.3570876121520996, "passed": false}, "4": {"execution_time": 0.34638547897338867, "passed": false}, "5": {"execution_time": 0.380967378616333, "passed": false}, "6": {"execution_time": 0.35692644119262695, "passed": false}, "7": {"execution_time": 0.3716259002685547, "passed": false}, "8": {"execution_time": 0.34445905685424805, "passed": false}, "9": {"execution_time": 0.35958194732666016, "passed": false}, "10": {"execution_time": 0.34304118156433105, "passed": false}, "11": {"execution_time": 0.3538239002227783, "passed": false}}}, "check_style_score": "0/1"}