{"version": "1", "message": "ERROR: Hidden Testcases server unreachable.", "problem_id": "ads2_m6_a1_1", "user_id": "Anisha-Vulli", "score": {"sample": {"0": {"execution_time": 0.4404454231262207, "passed": false}, "1": {"execution_time": 0.3610565662384033, "passed": false}, "2": {"execution_time": 0.4308152198791504, "passed": false}, "3": {"execution_time": 0.4027400016784668, "passed": false}, "4": {"execution_time": 0.3600635528564453, "passed": false}, "5": {"execution_time": 0.6291985511779785, "passed": false}, "6": {"execution_time": 0.37977099418640137, "passed": true}, "7": {"execution_time": 0.4074976444244385, "passed": false}, "8": {"execution_time": 0.38025450706481934, "passed": true}, "9": {"execution_time": 0.40665459632873535, "passed": false}, "10": {"execution_time": 0.3533642292022705, "passed": true}, "11": {"execution_time": 0.43295764923095703, "passed": false}}}, "check_style_score": "0/1"}