{"version": "1", "message": "ERROR: Hidden Testcases server unreachable.", "problem_id": "ads2_m6_a1_1", "user_id": "Anisha-Vulli", "score": {"sample": {"0": {"execution_time": 0.26217079162597656, "passed": false}, "1": {"execution_time": 0.2633824348449707, "passed": false}, "2": {"execution_time": 0.25113630294799805, "passed": false}, "3": {"execution_time": 0.2597222328186035, "passed": false}, "4": {"execution_time": 0.27808666229248047, "passed": false}, "5": {"execution_time": 0.2663688659667969, "passed": false}, "6": {"execution_time": 0.2633194923400879, "passed": false}, "7": {"execution_time": 0.24928545951843262, "passed": false}, "8": {"execution_time": 0.2626948356628418, "passed": false}, "9": {"execution_time": 0.2633945941925049, "passed": false}, "10": {"execution_time": 0.25163841247558594, "passed": false}, "11": {"execution_time": 0.27960801124572754, "passed": false}}}, "check_style_score": "0/1"}