{"version": "1", "message": "ERROR: Hidden Testcases server unreachable.", "problem_id": "ads2_m6_a1_1", "user_id": "Anisha-Vulli", "score": {"sample": {"0": {"execution_time": 0.3685600757598877, "passed": false}, "1": {"execution_time": 0.3636960983276367, "passed": false}, "2": {"execution_time": 0.3768937587738037, "passed": false}, "3": {"execution_time": 0.36252570152282715, "passed": false}, "4": {"execution_time": 0.37267374992370605, "passed": false}, "5": {"execution_time": 0.34954047203063965, "passed": false}, "6": {"execution_time": 0.3011443614959717, "passed": true}, "7": {"execution_time": 0.37157416343688965, "passed": false}, "8": {"execution_time": 0.35559844970703125, "passed": true}, "9": {"execution_time": 0.34464144706726074, "passed": false}, "10": {"execution_time": 0.32708311080932617, "passed": false}, "11": {"execution_time": 0.363783597946167, "passed": false}}}, "check_style_score": "0/1"}