{"version": "1", "message": "ERROR: Hidden Testcases server unreachable.", "problem_id": "ads2_m6_a1_1", "user_id": "Anisha-Vulli", "score": {"sample": {"0": {"execution_time": 0.41374969482421875, "passed": false}, "1": {"execution_time": 0.4151179790496826, "passed": false}, "2": {"execution_time": 0.3917238712310791, "passed": false}, "3": {"execution_time": 0.38121581077575684, "passed": false}, "4": {"execution_time": 0.38289356231689453, "passed": false}, "5": {"execution_time": 0.4012167453765869, "passed": false}, "6": {"execution_time": 0.4023458957672119, "passed": true}, "7": {"execution_time": 0.39749765396118164, "passed": false}, "8": {"execution_time": 0.4167749881744385, "passed": true}, "9": {"execution_time": 0.36845946311950684, "passed": false}, "10": {"execution_time": 0.3891761302947998, "passed": false}, "11": {"execution_time": 0.3822498321533203, "passed": false}}}, "check_style_score": "0/1"}