{"version": "1", "message": "ERROR: Hidden Testcases server unreachable.", "problem_id": "ads2_m6_a1_1", "user_id": "Anisha-Vulli", "score": {"sample": {"0": {"execution_time": 0.3646509647369385, "passed": false}, "1": {"execution_time": 0.33562731742858887, "passed": false}, "2": {"execution_time": 0.3701896667480469, "passed": false}, "3": {"execution_time": 0.3610260486602783, "passed": false}, "4": {"execution_time": 0.3755490779876709, "passed": false}, "5": {"execution_time": 0.37342381477355957, "passed": false}, "6": {"execution_time": 0.388247013092041, "passed": true}, "7": {"execution_time": 0.3367624282836914, "passed": false}, "8": {"execution_time": 0.3516426086425781, "passed": true}, "9": {"execution_time": 0.34612560272216797, "passed": false}, "10": {"execution_time": 0.3383655548095703, "passed": false}, "11": {"execution_time": 0.3582301139831543, "passed": false}}}, "check_style_score": "0/1"}