{"version": "1", "message": "ERROR: Hidden Testcases server unreachable.", "problem_id": "ads2_m6_a1_1", "user_id": "Anisha-Vulli", "score": {"sample": {"0": {"execution_time": 0.3877537250518799, "passed": false}, "1": {"execution_time": 0.35390353202819824, "passed": false}, "2": {"execution_time": 0.33754944801330566, "passed": false}, "3": {"execution_time": 0.34952235221862793, "passed": false}, "4": {"execution_time": 0.3411121368408203, "passed": false}, "5": {"execution_time": 0.34621381759643555, "passed": false}, "6": {"execution_time": 0.3748283386230469, "passed": true}, "7": {"execution_time": 0.3499007225036621, "passed": false}, "8": {"execution_time": 0.39107418060302734, "passed": true}, "9": {"execution_time": 0.3492445945739746, "passed": false}, "10": {"execution_time": 0.3288700580596924, "passed": false}, "11": {"execution_time": 0.3763997554779053, "passed": false}}}, "check_style_score": "0/1"}