{"version": "1", "message": "ERROR: Hidden Testcases server unreachable.", "problem_id": "ads2_m6_a1_1", "user_id": "Anisha-Vulli", "score": {"sample": {"0": {"execution_time": 0.8560442924499512, "passed": false}, "1": {"execution_time": 0.3134281635284424, "passed": false}, "2": {"execution_time": 0.3598957061767578, "passed": false}, "3": {"execution_time": 0.3131556510925293, "passed": false}, "4": {"execution_time": 0.3342278003692627, "passed": false}, "5": {"execution_time": 0.3572969436645508, "passed": false}, "6": {"execution_time": 0.35999584197998047, "passed": true}, "7": {"execution_time": 0.3734400272369385, "passed": false}, "8": {"execution_time": 0.3760383129119873, "passed": true}, "9": {"execution_time": 0.3737523555755615, "passed": false}, "10": {"execution_time": 0.3502380847930908, "passed": false}, "11": {"execution_time": 0.3451838493347168, "passed": false}}}, "check_style_score": "0/1"}