{"version": "1", "message": "ERROR: Hidden Testcases server unreachable.", "problem_id": "ads2_m6_a1_1", "user_id": "Anisha-Vulli", "score": {"sample": {"0": {"execution_time": 0.37888526916503906, "passed": false}, "1": {"execution_time": 0.34258484840393066, "passed": false}, "2": {"execution_time": 0.36379528045654297, "passed": false}, "3": {"execution_time": 0.3425178527832031, "passed": false}, "4": {"execution_time": 0.34665942192077637, "passed": false}, "5": {"execution_time": 0.3437473773956299, "passed": false}, "6": {"execution_time": 0.3762331008911133, "passed": true}, "7": {"execution_time": 0.31445884704589844, "passed": false}, "8": {"execution_time": 0.3462028503417969, "passed": true}, "9": {"execution_time": 0.3444342613220215, "passed": false}, "10": {"execution_time": 0.33332109451293945, "passed": false}, "11": {"execution_time": 0.39079976081848145, "passed": false}}}, "check_style_score": "0/1"}