{"version": "1", "message": "ERROR: Hidden Testcases server unreachable.", "problem_id": "ads2_m6_a1_1", "user_id": "Anisha-Vulli", "score": {"sample": {"0": {"execution_time": 0.4125685691833496, "passed": false}, "1": {"execution_time": 0.38475775718688965, "passed": false}, "2": {"execution_time": 0.4295525550842285, "passed": false}, "3": {"execution_time": 0.4197423458099365, "passed": false}, "4": {"execution_time": 0.43627142906188965, "passed": true}, "5": {"execution_time": 0.39331674575805664, "passed": false}, "6": {"execution_time": 0.35177159309387207, "passed": true}, "7": {"execution_time": 0.3490469455718994, "passed": false}, "8": {"execution_time": 0.34043455123901367, "passed": true}, "9": {"execution_time": 0.3739430904388428, "passed": true}, "10": {"execution_time": 0.3712503910064697, "passed": true}, "11": {"execution_time": 0.4332613945007324, "passed": false}}}, "check_style_score": "0/1"}