{"version": "1", "message": "ERROR: Hidden Testcases server unreachable.", "problem_id": "ads2_m6_a1_1", "user_id": "Anisha-Vulli", "score": {"sample": {"0": {"execution_time": 0.35748791694641113, "passed": false}, "1": {"execution_time": 0.38964128494262695, "passed": false}, "2": {"execution_time": 0.419694185256958, "passed": false}, "3": {"execution_time": 0.4865684509277344, "passed": false}, "4": {"execution_time": 0.5309627056121826, "passed": false}, "5": {"execution_time": 0.4495267868041992, "passed": false}, "6": {"execution_time": 0.4632699489593506, "passed": true}, "7": {"execution_time": 0.46767115592956543, "passed": false}, "8": {"execution_time": 0.4414985179901123, "passed": true}, "9": {"execution_time": 0.4388108253479004, "passed": false}, "10": {"execution_time": 0.37650203704833984, "passed": true}, "11": {"execution_time": 0.47898006439208984, "passed": false}}}, "check_style_score": "0/1"}