{"version": "1", "message": "ERROR: Hidden Testcases server unreachable.", "problem_id": "ads2_m6_a1_1", "user_id": "Anisha-Vulli", "score": {"sample": {"0": {"execution_time": 0.4154496192932129, "passed": false}, "1": {"execution_time": 0.3415517807006836, "passed": false}, "2": {"execution_time": 0.361814022064209, "passed": false}, "3": {"execution_time": 0.373105525970459, "passed": false}, "4": {"execution_time": 0.34224629402160645, "passed": false}, "5": {"execution_time": 0.3677959442138672, "passed": false}, "6": {"execution_time": 0.3613119125366211, "passed": true}, "7": {"execution_time": 0.3609347343444824, "passed": false}, "8": {"execution_time": 0.3457639217376709, "passed": true}, "9": {"execution_time": 0.3620471954345703, "passed": false}, "10": {"execution_time": 0.35717105865478516, "passed": false}, "11": {"execution_time": 0.33450841903686523, "passed": false}}}, "check_style_score": "0/1"}