{"version": "1", "message": "ERROR: Hidden Testcases server unreachable.", "problem_id": "ads2_m6_a1_1", "user_id": "Anisha-Vulli", "score": {"sample": {"0": {"execution_time": 0.431027889251709, "passed": false}, "1": {"execution_time": 0.5316743850708008, "passed": false}, "2": {"execution_time": 0.46011853218078613, "passed": false}, "3": {"execution_time": 0.40065455436706543, "passed": false}, "4": {"execution_time": 0.4417397975921631, "passed": false}, "5": {"execution_time": 0.3990304470062256, "passed": false}, "6": {"execution_time": 0.36743617057800293, "passed": false}, "7": {"execution_time": 0.41469335556030273, "passed": false}, "8": {"execution_time": 0.4480245113372803, "passed": false}, "9": {"execution_time": 0.4273338317871094, "passed": false}, "10": {"execution_time": 0.38568878173828125, "passed": false}, "11": {"execution_time": 0.39788055419921875, "passed": false}}}, "check_style_score": "0/1"}