{"version": "1", "message": "ERROR: Hidden Testcases server unreachable.", "problem_id": "ads2_m6_a1_1", "user_id": "Anisha-Vulli", "score": {"sample": {"0": {"execution_time": 0.4409065246582031, "passed": false}, "1": {"execution_time": 0.48398685455322266, "passed": false}, "2": {"execution_time": 0.4298076629638672, "passed": false}, "3": {"execution_time": 0.4566347599029541, "passed": false}, "4": {"execution_time": 0.4327116012573242, "passed": true}, "5": {"execution_time": 0.46384501457214355, "passed": false}, "6": {"execution_time": 0.4408731460571289, "passed": true}, "7": {"execution_time": 0.5000529289245605, "passed": false}, "8": {"execution_time": 0.41553282737731934, "passed": true}, "9": {"execution_time": 0.500006914138794, "passed": true}, "10": {"execution_time": 0.4404911994934082, "passed": true}, "11": {"execution_time": 0.4991579055786133, "passed": false}}}, "check_style_score": "0/1"}