{"version": "1", "message": "ERROR: Hidden Testcases server unreachable.", "problem_id": "ads2_m6_a1_1", "user_id": "Anisha-Vulli", "score": {"sample": {"0": {"execution_time": 0.41982507705688477, "passed": false}, "1": {"execution_time": 0.39359498023986816, "passed": false}, "2": {"execution_time": 0.4072425365447998, "passed": false}, "3": {"execution_time": 0.39064788818359375, "passed": false}, "4": {"execution_time": 0.439868688583374, "passed": false}, "5": {"execution_time": 0.41761255264282227, "passed": false}, "6": {"execution_time": 0.372694730758667, "passed": true}, "7": {"execution_time": 0.38738489151000977, "passed": false}, "8": {"execution_time": 0.3773987293243408, "passed": true}, "9": {"execution_time": 0.37245607376098633, "passed": false}, "10": {"execution_time": 0.40332460403442383, "passed": false}, "11": {"execution_time": 0.4183967113494873, "passed": false}}}, "check_style_score": "0/1"}